country,alpha_2_code,alpha_3_code,numeric_code,indicator,time_period,obs_value,sex,unit_multiplier,unit_of_measure,observation_status,observation_confidentaility,time_period_activity_related_to_when_the_data_are_collected,current_age
Afghanistan,AF,AFG,4,Egg and/or flesh foods consumption (6-23months),2015,30.7,Female,Units,%,Reanalysed,,Middle of fieldwork,6 to 23 months old
Afghanistan,AF,AFG,4,Egg and/or flesh foods consumption (6-23months),2022,23.7,Female,Units,%,Reanalysed,,Middle of fieldwork,6 to 23 months old
Afghanistan,AF,AFG,4,Egg and/or flesh foods consumption (6-23months),2015,29.9,Male,Units,%,Reanalysed,,Middle of fieldwork,6 to 23 months old
Afghanistan,AF,AFG,4,Egg and/or flesh foods consumption (6-23months),2022,24.7,Male,Units,%,Reanalysed,,Middle of fieldwork,6 to 23 months old
Afghanistan,AF,AFG,4,Egg and/or flesh foods consumption (6-23months),2015,30.3,Total,Units,%,Reanalysed,,Middle of fieldwork,6 to 23 months old
Afghanistan,AF,AFG,4,Egg and/or flesh foods consumption (6-23months),2022,24.2,Total,Units,%,Reanalysed,,Middle of fieldwork,6 to 23 months old
Albania,AL,ALB,8,Egg and/or flesh foods consumption (6-23months),2009,73.6,Female,Units,%,Reanalysed,,Middle of fieldwork,6 to 23 months old
Albania,AL,ALB,8,Egg and/or flesh foods consumption (6-23months),2017,68.4,Female,Units,%,Reanalysed,,Middle of fieldwork,6 to 23 months old
Albania,AL,ALB,8,Egg and/or flesh foods consumption (6-23months),2009,79.0,Male,Units,%,Reanalysed,,Middle of fieldwork,6 to 23 months old
Albania,AL,ALB,8,Egg and/or flesh foods consumption (6-23months),2017,68.5,Male,Units,%,Reanalysed,,Middle of fieldwork,6 to 23 months old
Albania,AL,ALB,8,Egg and/or flesh foods consumption (6-23months),2009,76.6,Total,Units,%,Reanalysed,,Middle of fieldwork,6 to 23 months old
Albania,AL,ALB,8,Egg and/or flesh foods consumption (6-23months),2017,68.5,Total,Units,%,Reanalysed,,Middle of fieldwork,6 to 23 months old
Algeria,DZ,DZA,12,Egg and/or flesh foods consumption (6-23months),2019,53.6,Female,Units,%,Reanalysed,,Middle of fieldwork,6 to 23 months old
Algeria,DZ,DZA,12,Egg and/or flesh foods consumption (6-23months),2019,52.2,Male,Units,%,Reanalysed,,Middle of fieldwork,6 to 23 months old
Algeria,DZ,DZA,12,Egg and/or flesh foods consumption (6-23months),2019,52.9,Total,Units,%,Reanalysed,,Middle of fieldwork,6 to 23 months old
Angola,AO,AGO,24,Egg and/or flesh foods consumption (6-23months),2015,63.3,Female,Units,%,Reanalysed,,Middle of fieldwork,6 to 23 months old
Angola,AO,AGO,24,Egg and/or flesh foods consumption (6-23months),2015,58.7,Male,Units,%,Reanalysed,,Middle of fieldwork,6 to 23 months old
Angola,AO,AGO,24,Egg and/or flesh foods consumption (6-23months),2015,61.0,Total,Units,%,Reanalysed,,Middle of fieldwork,6 to 23 months old
Armenia,AM,ARM,51,Egg and/or flesh foods consumption (6-23months),2005,70.8,Female,Units,%,Reanalysed,,Middle of fieldwork,6 to 23 months old
Armenia,AM,ARM,51,Egg and/or flesh foods consumption (6-23months),2010,69.2,Female,Units,%,Reanalysed,,Middle of fieldwork,6 to 23 months old
Armenia,AM,ARM,51,Egg and/or flesh foods consumption (6-23months),2016,52.9,Female,Units,%,Reanalysed,,Middle of fieldwork,6 to 23 months old
Armenia,AM,ARM,51,Egg and/or flesh foods consumption (6-23months),2005,64.5,Male,Units,%,Reanalysed,,Middle of fieldwork,6 to 23 months old
Armenia,AM,ARM,51,Egg and/or flesh foods consumption (6-23months),2010,66.4,Male,Units,%,Reanalysed,,Middle of fieldwork,6 to 23 months old
Armenia,AM,ARM,51,Egg and/or flesh foods consumption (6-23months),2016,51.7,Male,Units,%,Reanalysed,,Middle of fieldwork,6 to 23 months old
Armenia,AM,ARM,51,Egg and/or flesh foods consumption (6-23months),2005,67.2,Total,Units,%,Reanalysed,,Middle of fieldwork,6 to 23 months old
Armenia,AM,ARM,51,Egg and/or flesh foods consumption (6-23months),2010,67.8,Total,Units,%,Reanalysed,,Middle of fieldwork,6 to 23 months old
Armenia,AM,ARM,51,Egg and/or flesh foods consumption (6-23months),2016,52.3,Total,Units,%,Reanalysed,,Middle of fieldwork,6 to 23 months old
Azerbaijan,AZ,AZE,31,Egg and/or flesh foods consumption (6-23months),2006,67.9,Female,Units,%,Reanalysed,,Middle of fieldwork,6 to 23 months old
Azerbaijan,AZ,AZE,31,Egg and/or flesh foods consumption (6-23months),2023,74.3,Female,Units,%,Reanalysed,,Middle of fieldwork,6 to 23 months old
Azerbaijan,AZ,AZE,31,Egg and/or flesh foods consumption (6-23months),2006,63.7,Male,Units,%,Reanalysed,,Middle of fieldwork,6 to 23 months old
Azerbaijan,AZ,AZE,31,Egg and/or flesh foods consumption (6-23months),2023,76.2,Male,Units,%,Reanalysed,,Middle of fieldwork,6 to 23 months old
Azerbaijan,AZ,AZE,31,Egg and/or flesh foods consumption (6-23months),2006,65.6,Total,Units,%,Reanalysed,,Middle of fieldwork,6 to 23 months old
Azerbaijan,AZ,AZE,31,Egg and/or flesh foods consumption (6-23months),2023,75.3,Total,Units,%,Reanalysed,,Middle of fieldwork,6 to 23 months old
Bangladesh,BD,BGD,50,Egg and/or flesh foods consumption (6-23months),2011,52.9,Female,Units,%,Reanalysed,,Middle of fieldwork,6 to 23 months old
Bangladesh,BD,BGD,50,Egg and/or flesh foods consumption (6-23months),2014,56.6,Female,Units,%,Reanalysed,,Middle of fieldwork,6 to 23 months old
Bangladesh,BD,BGD,50,Egg and/or flesh foods consumption (6-23months),2018,70.5,Female,Units,%,Reanalysed,,Middle of fieldwork,6 to 23 months old
Bangladesh,BD,BGD,50,Egg and/or flesh foods consumption (6-23months),2019,58.9,Female,Units,%,Reanalysed,,Middle of fieldwork,6 to 23 months old
Bangladesh,BD,BGD,50,Egg and/or flesh foods consumption (6-23months),2022,60.7,Female,Units,%,Reanalysed,,Middle of fieldwork,6 to 23 months old
Bangladesh,BD,BGD,50,Egg and/or flesh foods consumption (6-23months),2011,54.3,Male,Units,%,Reanalysed,,Middle of fieldwork,6 to 23 months old
Bangladesh,BD,BGD,50,Egg and/or flesh foods consumption (6-23months),2014,54.2,Male,Units,%,Reanalysed,,Middle of fieldwork,6 to 23 months old
Bangladesh,BD,BGD,50,Egg and/or flesh foods consumption (6-23months),2018,68.6,Male,Units,%,Reanalysed,,Middle of fieldwork,6 to 23 months old
Bangladesh,BD,BGD,50,Egg and/or flesh foods consumption (6-23months),2019,61.4,Male,Units,%,Reanalysed,,Middle of fieldwork,6 to 23 months old
Bangladesh,BD,BGD,50,Egg and/or flesh foods consumption (6-23months),2022,63.4,Male,Units,%,Reanalysed,,Middle of fieldwork,6 to 23 months old
Bangladesh,BD,BGD,50,Egg and/or flesh foods consumption (6-23months),2011,53.6,Total,Units,%,Reanalysed,,Middle of fieldwork,6 to 23 months old
Bangladesh,BD,BGD,50,Egg and/or flesh foods consumption (6-23months),2014,55.3,Total,Units,%,Reanalysed,,Middle of fieldwork,6 to 23 months old
Bangladesh,BD,BGD,50,Egg and/or flesh foods consumption (6-23months),2018,69.5,Total,Units,%,Reanalysed,,Middle of fieldwork,6 to 23 months old
Bangladesh,BD,BGD,50,Egg and/or flesh foods consumption (6-23months),2019,60.2,Total,Units,%,Reanalysed,,Middle of fieldwork,6 to 23 months old
Bangladesh,BD,BGD,50,Egg and/or flesh foods consumption (6-23months),2022,62.1,Total,Units,%,Reanalysed,,Middle of fieldwork,6 to 23 months old
Belarus,BY,BLR,112,Egg and/or flesh foods consumption (6-23months),2019,94.0,Female,Units,%,Reanalysed,,Middle of fieldwork,6 to 23 months old
Belarus,BY,BLR,112,Egg and/or flesh foods consumption (6-23months),2019,91.5,Male,Units,%,Reanalysed,,Middle of fieldwork,6 to 23 months old
Belarus,BY,BLR,112,Egg and/or flesh foods consumption (6-23months),2019,92.7,Total,Units,%,Reanalysed,,Middle of fieldwork,6 to 23 months old
Belize,BZ,BLZ,84,Egg and/or flesh foods consumption (6-23months),2015,72.7,Female,Units,%,Reanalysed,,Middle of fieldwork,6 to 23 months old
Belize,BZ,BLZ,84,Egg and/or flesh foods consumption (6-23months),2015,72.5,Male,Units,%,Reanalysed,,Middle of fieldwork,6 to 23 months old
Belize,BZ,BLZ,84,Egg and/or flesh foods consumption (6-23months),2015,72.6,Total,Units,%,Reanalysed,,Middle of fieldwork,6 to 23 months old
Benin,BJ,BEN,204,Egg and/or flesh foods consumption (6-23months),2012,37.6,Female,Units,%,Reanalysed,,Middle of fieldwork,6 to 23 months old
Benin,BJ,BEN,204,Egg and/or flesh foods consumption (6-23months),2014,52.3,Female,Units,%,Reanalysed,,Middle of fieldwork,6 to 23 months old
Benin,BJ,BEN,204,Egg and/or flesh foods consumption (6-23months),2018,52.6,Female,Units,%,Reanalysed,,Middle of fieldwork,6 to 23 months old
Benin,BJ,BEN,204,Egg and/or flesh foods consumption (6-23months),2021,47.0,Female,Units,%,Reanalysed,,Middle of fieldwork,6 to 23 months old
Benin,BJ,BEN,204,Egg and/or flesh foods consumption (6-23months),2012,40.9,Male,Units,%,Reanalysed,,Middle of fieldwork,6 to 23 months old
Benin,BJ,BEN,204,Egg and/or flesh foods consumption (6-23months),2014,54.3,Male,Units,%,Reanalysed,,Middle of fieldwork,6 to 23 months old
Benin,BJ,BEN,204,Egg and/or flesh foods consumption (6-23months),2018,51.3,Male,Units,%,Reanalysed,,Middle of fieldwork,6 to 23 months old
Benin,BJ,BEN,204,Egg and/or flesh foods consumption (6-23months),2021,47.2,Male,Units,%,Reanalysed,,Middle of fieldwork,6 to 23 months old
Benin,BJ,BEN,204,Egg and/or flesh foods consumption (6-23months),2012,39.3,Total,Units,%,Reanalysed,,Middle of fieldwork,6 to 23 months old
Benin,BJ,BEN,204,Egg and/or flesh foods consumption (6-23months),2014,53.3,Total,Units,%,Reanalysed,,Middle of fieldwork,6 to 23 months old
Benin,BJ,BEN,204,Egg and/or flesh foods consumption (6-23months),2018,51.9,Total,Units,%,Reanalysed,,Middle of fieldwork,6 to 23 months old
Benin,BJ,BEN,204,Egg and/or flesh foods consumption (6-23months),2021,47.1,Total,Units,%,Reanalysed,,Middle of fieldwork,6 to 23 months old
Bhutan,BT,BTN,64,Egg and/or flesh foods consumption (6-23months),2015,30.5,Female,Units,%,Reanalysed,,Middle of fieldwork,6 to 23 months old
Bhutan,BT,BTN,64,Egg and/or flesh foods consumption (6-23months),2015,20.0,Male,Units,%,Reanalysed,,Middle of fieldwork,6 to 23 months old
Bhutan,BT,BTN,64,Egg and/or flesh foods consumption (6-23months),2015,25.2,Total,Units,%,Reanalysed,,Middle of fieldwork,6 to 23 months old
Bolivia,BO,BOL,68,Egg and/or flesh foods consumption (6-23months),2008,81.1,Female,Units,%,Reanalysed,,Middle of fieldwork,6 to 23 months old
Bolivia,BO,BOL,68,Egg and/or flesh foods consumption (6-23months),2016,88.3,Female,Units,%,Reanalysed,,Middle of fieldwork,6 to 23 months old
Bolivia,BO,BOL,68,Egg and/or flesh foods consumption (6-23months),2008,80.5,Male,Units,%,Reanalysed,,Middle of fieldwork,6 to 23 months old
Bolivia,BO,BOL,68,Egg and/or flesh foods consumption (6-23months),2016,83.0,Male,Units,%,Reanalysed,,Middle of fieldwork,6 to 23 months old
Bolivia,BO,BOL,68,Egg and/or flesh foods consumption (6-23months),2008,80.8,Total,Units,%,Reanalysed,,Middle of fieldwork,6 to 23 months old
Bolivia,BO,BOL,68,Egg and/or flesh foods consumption (6-23months),2016,85.6,Total,Units,%,Reanalysed,,Middle of fieldwork,6 to 23 months old
Burkina Faso,BF,BFA,854,Egg and/or flesh foods consumption (6-23months),2010,23.2,Female,Units,%,Reanalysed,,Middle of fieldwork,6 to 23 months old
Burkina Faso,BF,BFA,854,Egg and/or flesh foods consumption (6-23months),2019,28.5,Female,Units,%,Reanalysed,,Middle of fieldwork,6 to 23 months old
Burkina Faso,BF,BFA,854,Egg and/or flesh foods consumption (6-23months),2020,19.9,Female,Units,%,Reanalysed,,Middle of fieldwork,6 to 23 months old
Burkina Faso,BF,BFA,854,Egg and/or flesh foods consumption (6-23months),2021,32.1,Female,Units,%,Reanalysed,,Middle of fieldwork,6 to 23 months old
Burkina Faso,BF,BFA,854,Egg and/or flesh foods consumption (6-23months),2010,21.9,Male,Units,%,Reanalysed,,Middle of fieldwork,6 to 23 months old
Burkina Faso,BF,BFA,854,Egg and/or flesh foods consumption (6-23months),2019,28.9,Male,Units,%,Reanalysed,,Middle of fieldwork,6 to 23 months old
Burkina Faso,BF,BFA,854,Egg and/or flesh foods consumption (6-23months),2020,17.6,Male,Units,%,Reanalysed,,Middle of fieldwork,6 to 23 months old
Burkina Faso,BF,BFA,854,Egg and/or flesh foods consumption (6-23months),2021,30.6,Male,Units,%,Reanalysed,,Middle of fieldwork,6 to 23 months old
Burkina Faso,BF,BFA,854,Egg and/or flesh foods consumption (6-23months),2010,22.6,Total,Units,%,Reanalysed,,Middle of fieldwork,6 to 23 months old
Burkina Faso,BF,BFA,854,Egg and/or flesh foods consumption (6-23months),2019,28.7,Total,Units,%,Reanalysed,,Middle of fieldwork,6 to 23 months old
Burkina Faso,BF,BFA,854,Egg and/or flesh foods consumption (6-23months),2020,18.7,Total,Units,%,Reanalysed,,Middle of fieldwork,6 to 23 months old
Burkina Faso,BF,BFA,854,Egg and/or flesh foods consumption (6-23months),2021,31.3,Total,Units,%,Reanalysed,,Middle of fieldwork,6 to 23 months old
Burundi,BI,BDI,108,Egg and/or flesh foods consumption (6-23months),2010,28.6,Female,Units,%,Reanalysed,,Middle of fieldwork,6 to 23 months old
Burundi,BI,BDI,108,Egg and/or flesh foods consumption (6-23months),2016,23.8,Female,Units,%,Reanalysed,,Middle of fieldwork,6 to 23 months old
Burundi,BI,BDI,108,Egg and/or flesh foods consumption (6-23months),2010,28.6,Male,Units,%,Reanalysed,,Middle of fieldwork,6 to 23 months old
Burundi,BI,BDI,108,Egg and/or flesh foods consumption (6-23months),2016,25.9,Male,Units,%,Reanalysed,,Middle of fieldwork,6 to 23 months old
Burundi,BI,BDI,108,Egg and/or flesh foods consumption (6-23months),2010,28.6,Total,Units,%,Reanalysed,,Middle of fieldwork,6 to 23 months old
Burundi,BI,BDI,108,Egg and/or flesh foods consumption (6-23months),2016,24.9,Total,Units,%,Reanalysed,,Middle of fieldwork,6 to 23 months old
Cambodia,KH,KHM,116,Egg and/or flesh foods consumption (6-23months),2005,80.4,Female,Units,%,Reanalysed,,Middle of fieldwork,6 to 23 months old
Cambodia,KH,KHM,116,Egg and/or flesh foods consumption (6-23months),2010,81.4,Female,Units,%,Reanalysed,,Middle of fieldwork,6 to 23 months old
Cambodia,KH,KHM,116,Egg and/or flesh foods consumption (6-23months),2014,81.1,Female,Units,%,Reanalysed,,Middle of fieldwork,6 to 23 months old
Cambodia,KH,KHM,116,Egg and/or flesh foods consumption (6-23months),2021,82.3,Female,Units,%,Reanalysed,,Middle of fieldwork,6 to 23 months old
Cambodia,KH,KHM,116,Egg and/or flesh foods consumption (6-23months),2005,81.1,Male,Units,%,Reanalysed,,Middle of fieldwork,6 to 23 months old
Cambodia,KH,KHM,116,Egg and/or flesh foods consumption (6-23months),2010,80.8,Male,Units,%,Reanalysed,,Middle of fieldwork,6 to 23 months old
Cambodia,KH,KHM,116,Egg and/or flesh foods consumption (6-23months),2014,82.3,Male,Units,%,Reanalysed,,Middle of fieldwork,6 to 23 months old
Cambodia,KH,KHM,116,Egg and/or flesh foods consumption (6-23months),2021,83.5,Male,Units,%,Reanalysed,,Middle of fieldwork,6 to 23 months old
Cambodia,KH,KHM,116,Egg and/or flesh foods consumption (6-23months),2005,80.7,Total,Units,%,Reanalysed,,Middle of fieldwork,6 to 23 months old
Cambodia,KH,KHM,116,Egg and/or flesh foods consumption (6-23months),2010,81.0,Total,Units,%,Reanalysed,,Middle of fieldwork,6 to 23 months old
Cambodia,KH,KHM,116,Egg and/or flesh foods consumption (6-23months),2014,81.7,Total,Units,%,Reanalysed,,Middle of fieldwork,6 to 23 months old
Cambodia,KH,KHM,116,Egg and/or flesh foods consumption (6-23months),2021,82.9,Total,Units,%,Reanalysed,,Middle of fieldwork,6 to 23 months old
Cameroon,CM,CMR,120,Egg and/or flesh foods consumption (6-23months),2011,60.9,Female,Units,%,Reanalysed,,Middle of fieldwork,6 to 23 months old
Cameroon,CM,CMR,120,Egg and/or flesh foods consumption (6-23months),2014,64.1,Female,Units,%,Reanalysed,,Middle of fieldwork,6 to 23 months old
Cameroon,CM,CMR,120,Egg and/or flesh foods consumption (6-23months),2018,56.2,Female,Units,%,Reanalysed,,Middle of fieldwork,6 to 23 months old
Cameroon,CM,CMR,120,Egg and/or flesh foods consumption (6-23months),2011,61.6,Male,Units,%,Reanalysed,,Middle of fieldwork,6 to 23 months old
Cameroon,CM,CMR,120,Egg and/or flesh foods consumption (6-23months),2014,64.2,Male,Units,%,Reanalysed,,Middle of fieldwork,6 to 23 months old
Cameroon,CM,CMR,120,Egg and/or flesh foods consumption (6-23months),2018,54.9,Male,Units,%,Reanalysed,,Middle of fieldwork,6 to 23 months old
Cameroon,CM,CMR,120,Egg and/or flesh foods consumption (6-23months),2011,61.2,Total,Units,%,Reanalysed,,Middle of fieldwork,6 to 23 months old
Cameroon,CM,CMR,120,Egg and/or flesh foods consumption (6-23months),2014,64.1,Total,Units,%,Reanalysed,,Middle of fieldwork,6 to 23 months old
Cameroon,CM,CMR,120,Egg and/or flesh foods consumption (6-23months),2018,55.5,Total,Units,%,Reanalysed,,Middle of fieldwork,6 to 23 months old
Central African Republic,CF,CAF,140,Egg and/or flesh foods consumption (6-23months),2010,38.8,Female,Units,%,Reanalysed,,Middle of fieldwork,6 to 23 months old
Central African Republic,CF,CAF,140,Egg and/or flesh foods consumption (6-23months),2010,37.7,Male,Units,%,Reanalysed,,Middle of fieldwork,6 to 23 months old
Central African Republic,CF,CAF,140,Egg and/or flesh foods consumption (6-23months),2010,38.2,Total,Units,%,Reanalysed,,Middle of fieldwork,6 to 23 months old
Chad,TD,TCD,148,Egg and/or flesh foods consumption (6-23months),2015,37.0,Female,Units,%,Reanalysed,,Middle of fieldwork,6 to 23 months old
Chad,TD,TCD,148,Egg and/or flesh foods consumption (6-23months),2019-08,30.5,Female,Units,%,Reanalysed,,Middle of fieldwork,6 to 23 months old
Chad,TD,TCD,148,Egg and/or flesh foods consumption (6-23months),2019-09,45.1,Female,Units,%,Reanalysed,,Middle of fieldwork,6 to 23 months old
Chad,TD,TCD,148,Egg and/or flesh foods consumption (6-23months),2020,31.1,Female,Units,%,Reanalysed,,Middle of fieldwork,6 to 23 months old
Chad,TD,TCD,148,Egg and/or flesh foods consumption (6-23months),2022,64.8,Female,Units,%,Reanalysed,,Middle of fieldwork,6 to 23 months old
Chad,TD,TCD,148,Egg and/or flesh foods consumption (6-23months),2015,34.5,Male,Units,%,Reanalysed,,Middle of fieldwork,6 to 23 months old
Chad,TD,TCD,148,Egg and/or flesh foods consumption (6-23months),2019-08,29.2,Male,Units,%,Reanalysed,,Middle of fieldwork,6 to 23 months old
Chad,TD,TCD,148,Egg and/or flesh foods consumption (6-23months),2019-09,46.0,Male,Units,%,Reanalysed,,Middle of fieldwork,6 to 23 months old
Chad,TD,TCD,148,Egg and/or flesh foods consumption (6-23months),2020,30.4,Male,Units,%,Reanalysed,,Middle of fieldwork,6 to 23 months old
Chad,TD,TCD,148,Egg and/or flesh foods consumption (6-23months),2022,63.1,Male,Units,%,Reanalysed,,Middle of fieldwork,6 to 23 months old
Chad,TD,TCD,148,Egg and/or flesh foods consumption (6-23months),2015,35.7,Total,Units,%,Reanalysed,,Middle of fieldwork,6 to 23 months old
Chad,TD,TCD,148,Egg and/or flesh foods consumption (6-23months),2019-08,29.8,Total,Units,%,Reanalysed,,Middle of fieldwork,6 to 23 months old
Chad,TD,TCD,148,Egg and/or flesh foods consumption (6-23months),2019-09,45.6,Total,Units,%,Reanalysed,,Middle of fieldwork,6 to 23 months old
Chad,TD,TCD,148,Egg and/or flesh foods consumption (6-23months),2020,30.8,Total,Units,%,Reanalysed,,Middle of fieldwork,6 to 23 months old
Chad,TD,TCD,148,Egg and/or flesh foods consumption (6-23months),2022,64.0,Total,Units,%,Reanalysed,,Middle of fieldwork,6 to 23 months old
China,CN,CHN,156,Egg and/or flesh foods consumption (6-23months),2013,69.9,Female,Units,%,External Reanalysis,,Middle of fieldwork,6 to 23 months old
China,CN,CHN,156,Egg and/or flesh foods consumption (6-23months),2017,77.3,Female,Units,%,External Reanalysis,,Middle of fieldwork,6 to 23 months old
China,CN,CHN,156,Egg and/or flesh foods consumption (6-23months),2013,70.8,Male,Units,%,External Reanalysis,,Middle of fieldwork,6 to 23 months old
China,CN,CHN,156,Egg and/or flesh foods consumption (6-23months),2017,75.8,Male,Units,%,External Reanalysis,,Middle of fieldwork,6 to 23 months old
China,CN,CHN,156,Egg and/or flesh foods consumption (6-23months),2013,70.4,Total,Units,%,External Reanalysis,,Middle of fieldwork,6 to 23 months old
China,CN,CHN,156,Egg and/or flesh foods consumption (6-23months),2017,76.4,Total,Units,%,External Reanalysis,,Middle of fieldwork,6 to 23 months old
Colombia,CO,COL,170,Egg and/or flesh foods consumption (6-23months),2010,83.8,Female,Units,%,Reanalysed,,Middle of fieldwork,6 to 23 months old
Colombia,CO,COL,170,Egg and/or flesh foods consumption (6-23months),2016,80.6,Female,Units,%,Reanalysed,,Middle of fieldwork,6 to 23 months old
Colombia,CO,COL,170,Egg and/or flesh foods consumption (6-23months),2010,81.3,Male,Units,%,Reanalysed,,Middle of fieldwork,6 to 23 months old
Colombia,CO,COL,170,Egg and/or flesh foods consumption (6-23months),2016,81.5,Male,Units,%,Reanalysed,,Middle of fieldwork,6 to 23 months old
Colombia,CO,COL,170,Egg and/or flesh foods consumption (6-23months),2010,82.5,Total,Units,%,Reanalysed,,Middle of fieldwork,6 to 23 months old
Colombia,CO,COL,170,Egg and/or flesh foods consumption (6-23months),2016,81.0,Total,Units,%,Reanalysed,,Middle of fieldwork,6 to 23 months old
Comoros,KM,COM,174,Egg and/or flesh foods consumption (6-23months),2012,61.4,Female,Units,%,Reanalysed,,Middle of fieldwork,6 to 23 months old
Comoros,KM,COM,174,Egg and/or flesh foods consumption (6-23months),2022,51.5,Female,Units,%,Reanalysed,,Middle of fieldwork,6 to 23 months old
Comoros,KM,COM,174,Egg and/or flesh foods consumption (6-23months),2012,57.9,Male,Units,%,Reanalysed,,Middle of fieldwork,6 to 23 months old
Comoros,KM,COM,174,Egg and/or flesh foods consumption (6-23months),2022,55.2,Male,Units,%,Reanalysed,,Middle of fieldwork,6 to 23 months old
Comoros,KM,COM,174,Egg and/or flesh foods consumption (6-23months),2012,59.6,Total,Units,%,Reanalysed,,Middle of fieldwork,6 to 23 months old
Comoros,KM,COM,174,Egg and/or flesh foods consumption (6-23months),2022,53.5,Total,Units,%,Reanalysed,,Middle of fieldwork,6 to 23 months old
Congo,CG,COG,178,Egg and/or flesh foods consumption (6-23months),2011,65.1,Female,Units,%,Reanalysed,,Middle of fieldwork,6 to 23 months old
Congo,CG,COG,178,Egg and/or flesh foods consumption (6-23months),2014,44.9,Female,Units,%,Reanalysed,,Middle of fieldwork,6 to 23 months old
Congo,CG,COG,178,Egg and/or flesh foods consumption (6-23months),2011,64.6,Male,Units,%,Reanalysed,,Middle of fieldwork,6 to 23 months old
Congo,CG,COG,178,Egg and/or flesh foods consumption (6-23months),2014,50.8,Male,Units,%,Reanalysed,,Middle of fieldwork,6 to 23 months old
Congo,CG,COG,178,Egg and/or flesh foods consumption (6-23months),2011,64.9,Total,Units,%,Reanalysed,,Middle of fieldwork,6 to 23 months old
Congo,CG,COG,178,Egg and/or flesh foods consumption (6-23months),2014,47.9,Total,Units,%,Reanalysed,,Middle of fieldwork,6 to 23 months old
Costa Rica,CR,CRI,188,Egg and/or flesh foods consumption (6-23months),2018,82.8,Female,Units,%,Reanalysed,,Middle of fieldwork,6 to 23 months old
Costa Rica,CR,CRI,188,Egg and/or flesh foods consumption (6-23months),2018,78.5,Male,Units,%,Reanalysed,,Middle of fieldwork,6 to 23 months old
Costa Rica,CR,CRI,188,Egg and/or flesh foods consumption (6-23months),2018,80.7,Total,Units,%,Reanalysed,,Middle of fieldwork,6 to 23 months old
Cuba,CU,CUB,192,Egg and/or flesh foods consumption (6-23months),2014,88.2,Female,Units,%,Reanalysed,,Middle of fieldwork,6 to 23 months old
Cuba,CU,CUB,192,Egg and/or flesh foods consumption (6-23months),2019,82.9,Female,Units,%,Reanalysed,,Middle of fieldwork,6 to 23 months old
Cuba,CU,CUB,192,Egg and/or flesh foods consumption (6-23months),2014,85.0,Male,Units,%,Reanalysed,,Middle of fieldwork,6 to 23 months old
Cuba,CU,CUB,192,Egg and/or flesh foods consumption (6-23months),2019,82.4,Male,Units,%,Reanalysed,,Middle of fieldwork,6 to 23 months old
Cuba,CU,CUB,192,Egg and/or flesh foods consumption (6-23months),2014,86.5,Total,Units,%,Reanalysed,,Middle of fieldwork,6 to 23 months old
Cuba,CU,CUB,192,Egg and/or flesh foods consumption (6-23months),2019,82.6,Total,Units,%,Reanalysed,,Middle of fieldwork,6 to 23 months old
Ivory Coast,CI,CIV,384,Egg and/or flesh foods consumption (6-23months),2012,57.2,Female,Units,%,Reanalysed,,Middle of fieldwork,6 to 23 months old
Ivory Coast,CI,CIV,384,Egg and/or flesh foods consumption (6-23months),2016,60.2,Female,Units,%,Reanalysed,,Middle of fieldwork,6 to 23 months old
Ivory Coast,CI,CIV,384,Egg and/or flesh foods consumption (6-23months),2021,58.4,Female,Units,%,Reanalysed,,Middle of fieldwork,6 to 23 months old
Ivory Coast,CI,CIV,384,Egg and/or flesh foods consumption (6-23months),2012,55.8,Male,Units,%,Reanalysed,,Middle of fieldwork,6 to 23 months old
Ivory Coast,CI,CIV,384,Egg and/or flesh foods consumption (6-23months),2016,63.9,Male,Units,%,Reanalysed,,Middle of fieldwork,6 to 23 months old
Ivory Coast,CI,CIV,384,Egg and/or flesh foods consumption (6-23months),2021,56.4,Male,Units,%,Reanalysed,,Middle of fieldwork,6 to 23 months old
Ivory Coast,CI,CIV,384,Egg and/or flesh foods consumption (6-23months),2012,56.5,Total,Units,%,Reanalysed,,Middle of fieldwork,6 to 23 months old
Ivory Coast,CI,CIV,384,Egg and/or flesh foods consumption (6-23months),2016,62.0,Total,Units,%,Reanalysed,,Middle of fieldwork,6 to 23 months old
Ivory Coast,CI,CIV,384,Egg and/or flesh foods consumption (6-23months),2021,57.4,Total,Units,%,Reanalysed,,Middle of fieldwork,6 to 23 months old
"Congo, the Democratic Republic of the",CD,COD,180,Egg and/or flesh foods consumption (6-23months),2013,52.5,Female,Units,%,Reanalysed,,Middle of fieldwork,6 to 23 months old
"Congo, the Democratic Republic of the",CD,COD,180,Egg and/or flesh foods consumption (6-23months),2017,46.8,Female,Units,%,Reanalysed,,Middle of fieldwork,6 to 23 months old
"Congo, the Democratic Republic of the",CD,COD,180,Egg and/or flesh foods consumption (6-23months),2013,51.4,Male,Units,%,Reanalysed,,Middle of fieldwork,6 to 23 months old
"Congo, the Democratic Republic of the",CD,COD,180,Egg and/or flesh foods consumption (6-23months),2017,47.0,Male,Units,%,Reanalysed,,Middle of fieldwork,6 to 23 months old
"Congo, the Democratic Republic of the",CD,COD,180,Egg and/or flesh foods consumption (6-23months),2013,52.0,Total,Units,%,Reanalysed,,Middle of fieldwork,6 to 23 months old
"Congo, the Democratic Republic of the",CD,COD,180,Egg and/or flesh foods consumption (6-23months),2017,46.9,Total,Units,%,Reanalysed,,Middle of fieldwork,6 to 23 months old
Dominican Republic,DO,DOM,214,Egg and/or flesh foods consumption (6-23months),2007,73.2,Female,Units,%,Reanalysed,,Middle of fieldwork,6 to 23 months old
Dominican Republic,DO,DOM,214,Egg and/or flesh foods consumption (6-23months),2013,65.4,Female,Units,%,Reanalysed,,Middle of fieldwork,6 to 23 months old
Dominican Republic,DO,DOM,214,Egg and/or flesh foods consumption (6-23months),2014,69.9,Female,Units,%,Reanalysed,,Middle of fieldwork,6 to 23 months old
Dominican Republic,DO,DOM,214,Egg and/or flesh foods consumption (6-23months),2019,66.0,Female,Units,%,Reanalysed,,Middle of fieldwork,6 to 23 months old
Dominican Republic,DO,DOM,214,Egg and/or flesh foods consumption (6-23months),2007,73.8,Male,Units,%,Reanalysed,,Middle of fieldwork,6 to 23 months old
Dominican Republic,DO,DOM,214,Egg and/or flesh foods consumption (6-23months),2013,67.5,Male,Units,%,Reanalysed,,Middle of fieldwork,6 to 23 months old
Dominican Republic,DO,DOM,214,Egg and/or flesh foods consumption (6-23months),2014,67.4,Male,Units,%,Reanalysed,,Middle of fieldwork,6 to 23 months old
Dominican Republic,DO,DOM,214,Egg and/or flesh foods consumption (6-23months),2019,71.3,Male,Units,%,Reanalysed,,Middle of fieldwork,6 to 23 months old
Dominican Republic,DO,DOM,214,Egg and/or flesh foods consumption (6-23months),2007,73.5,Total,Units,%,Reanalysed,,Middle of fieldwork,6 to 23 months old
Dominican Republic,DO,DOM,214,Egg and/or flesh foods consumption (6-23months),2013,66.4,Total,Units,%,Reanalysed,,Middle of fieldwork,6 to 23 months old
Dominican Republic,DO,DOM,214,Egg and/or flesh foods consumption (6-23months),2014,68.6,Total,Units,%,Reanalysed,,Middle of fieldwork,6 to 23 months old
Dominican Republic,DO,DOM,214,Egg and/or flesh foods consumption (6-23months),2019,68.7,Total,Units,%,Reanalysed,,Middle of fieldwork,6 to 23 months old
Ecuador,EC,ECU,218,Egg and/or flesh foods consumption (6-23months),2019,71.4,Female,Units,%,Reanalysed,,Middle of fieldwork,6 to 23 months old
Ecuador,EC,ECU,218,Egg and/or flesh foods consumption (6-23months),2023,88.5,Female,Units,%,Reanalysed,,Middle of fieldwork,6 to 23 months old
Ecuador,EC,ECU,218,Egg and/or flesh foods consumption (6-23months),2019,71.6,Male,Units,%,Reanalysed,,Middle of fieldwork,6 to 23 months old
Ecuador,EC,ECU,218,Egg and/or flesh foods consumption (6-23months),2023,88.0,Male,Units,%,Reanalysed,,Middle of fieldwork,6 to 23 months old
Ecuador,EC,ECU,218,Egg and/or flesh foods consumption (6-23months),2019,71.5,Total,Units,%,Reanalysed,,Middle of fieldwork,6 to 23 months old
Ecuador,EC,ECU,218,Egg and/or flesh foods consumption (6-23months),2023,88.2,Total,Units,%,Reanalysed,,Middle of fieldwork,6 to 23 months old
Egypt,EG,EGY,818,Egg and/or flesh foods consumption (6-23months),2005,64.4,Female,Units,%,Reanalysed,,Middle of fieldwork,6 to 23 months old
Egypt,EG,EGY,818,Egg and/or flesh foods consumption (6-23months),2008,66.2,Female,Units,%,Reanalysed,,Middle of fieldwork,6 to 23 months old
Egypt,EG,EGY,818,Egg and/or flesh foods consumption (6-23months),2014,53.3,Female,Units,%,Reanalysed,,Middle of fieldwork,6 to 23 months old
Egypt,EG,EGY,818,Egg and/or flesh foods consumption (6-23months),2021,61.5,Female,Units,%,Reanalysed,,Middle of fieldwork,6 to 23 months old
Egypt,EG,EGY,818,Egg and/or flesh foods consumption (6-23months),2005,64.9,Male,Units,%,Reanalysed,,Middle of fieldwork,6 to 23 months old
Egypt,EG,EGY,818,Egg and/or flesh foods consumption (6-23months),2008,65.0,Male,Units,%,Reanalysed,,Middle of fieldwork,6 to 23 months old
Egypt,EG,EGY,818,Egg and/or flesh foods consumption (6-23months),2014,52.9,Male,Units,%,Reanalysed,,Middle of fieldwork,6 to 23 months old
Egypt,EG,EGY,818,Egg and/or flesh foods consumption (6-23months),2021,58.8,Male,Units,%,Reanalysed,,Middle of fieldwork,6 to 23 months old
Egypt,EG,EGY,818,Egg and/or flesh foods consumption (6-23months),2005,64.7,Total,Units,%,Reanalysed,,Middle of fieldwork,6 to 23 months old
Egypt,EG,EGY,818,Egg and/or flesh foods consumption (6-23months),2008,65.6,Total,Units,%,Reanalysed,,Middle of fieldwork,6 to 23 months old
Egypt,EG,EGY,818,Egg and/or flesh foods consumption (6-23months),2014,53.1,Total,Units,%,Reanalysed,,Middle of fieldwork,6 to 23 months old
Egypt,EG,EGY,818,Egg and/or flesh foods consumption (6-23months),2021,60.1,Total,Units,%,Reanalysed,,Middle of fieldwork,6 to 23 months old
El Salvador,SV,SLV,222,Egg and/or flesh foods consumption (6-23months),2014,68.2,Female,Units,%,Reanalysed,,Middle of fieldwork,6 to 23 months old
El Salvador,SV,SLV,222,Egg and/or flesh foods consumption (6-23months),2014,67.9,Male,Units,%,Reanalysed,,Middle of fieldwork,6 to 23 months old
El Salvador,SV,SLV,222,Egg and/or flesh foods consumption (6-23months),2014,68.1,Total,Units,%,Reanalysed,,Middle of fieldwork,6 to 23 months old
Swaziland,SZ,SWZ,748,Egg and/or flesh foods consumption (6-23months),2006,59.8,Female,Units,%,Reanalysed,,Middle of fieldwork,6 to 23 months old
Swaziland,SZ,SWZ,748,Egg and/or flesh foods consumption (6-23months),2014,67.3,Female,Units,%,Reanalysed,,Middle of fieldwork,6 to 23 months old
Swaziland,SZ,SWZ,748,Egg and/or flesh foods consumption (6-23months),2021,52.1,Female,Units,%,Reanalysed,,Middle of fieldwork,6 to 23 months old
Swaziland,SZ,SWZ,748,Egg and/or flesh foods consumption (6-23months),2006,63.4,Male,Units,%,Reanalysed,,Middle of fieldwork,6 to 23 months old
Swaziland,SZ,SWZ,748,Egg and/or flesh foods consumption (6-23months),2014,70.5,Male,Units,%,Reanalysed,,Middle of fieldwork,6 to 23 months old
Swaziland,SZ,SWZ,748,Egg and/or flesh foods consumption (6-23months),2021,47.7,Male,Units,%,Reanalysed,,Middle of fieldwork,6 to 23 months old
Swaziland,SZ,SWZ,748,Egg and/or flesh foods consumption (6-23months),2006,61.7,Total,Units,%,Reanalysed,,Middle of fieldwork,6 to 23 months old
Swaziland,SZ,SWZ,748,Egg and/or flesh foods consumption (6-23months),2014,68.9,Total,Units,%,Reanalysed,,Middle of fieldwork,6 to 23 months old
Swaziland,SZ,SWZ,748,Egg and/or flesh foods consumption (6-23months),2021,49.7,Total,Units,%,Reanalysed,,Middle of fieldwork,6 to 23 months old
Ethiopia,ET,ETH,231,Egg and/or flesh foods consumption (6-23months),2005,11.2,Female,Units,%,Reanalysed,,Middle of fieldwork,6 to 23 months old
Ethiopia,ET,ETH,231,Egg and/or flesh foods consumption (6-23months),2011,12.9,Female,Units,%,Reanalysed,,Middle of fieldwork,6 to 23 months old
Ethiopia,ET,ETH,231,Egg and/or flesh foods consumption (6-23months),2016,21.4,Female,Units,%,Reanalysed,,Middle of fieldwork,6 to 23 months old
Ethiopia,ET,ETH,231,Egg and/or flesh foods consumption (6-23months),2019,25.5,Female,Units,%,Reanalysed,,Middle of fieldwork,6 to 23 months old
Ethiopia,ET,ETH,231,Egg and/or flesh foods consumption (6-23months),2005,10.8,Male,Units,%,Reanalysed,,Middle of fieldwork,6 to 23 months old
Ethiopia,ET,ETH,231,Egg and/or flesh foods consumption (6-23months),2011,13.7,Male,Units,%,Reanalysed,,Middle of fieldwork,6 to 23 months old
Ethiopia,ET,ETH,231,Egg and/or flesh foods consumption (6-23months),2016,22.5,Male,Units,%,Reanalysed,,Middle of fieldwork,6 to 23 months old
Ethiopia,ET,ETH,231,Egg and/or flesh foods consumption (6-23months),2019,23.0,Male,Units,%,Reanalysed,,Middle of fieldwork,6 to 23 months old
Ethiopia,ET,ETH,231,Egg and/or flesh foods consumption (6-23months),2005,11.0,Total,Units,%,Reanalysed,,Middle of fieldwork,6 to 23 months old
Ethiopia,ET,ETH,231,Egg and/or flesh foods consumption (6-23months),2011,13.3,Total,Units,%,Reanalysed,,Middle of fieldwork,6 to 23 months old
Ethiopia,ET,ETH,231,Egg and/or flesh foods consumption (6-23months),2016,21.9,Total,Units,%,Reanalysed,,Middle of fieldwork,6 to 23 months old
Ethiopia,ET,ETH,231,Egg and/or flesh foods consumption (6-23months),2019,24.2,Total,Units,%,Reanalysed,,Middle of fieldwork,6 to 23 months old
Fiji,FJ,FJI,242,Egg and/or flesh foods consumption (6-23months),2021,72.6,Female,Units,%,Reanalysed,,Middle of fieldwork,6 to 23 months old
Fiji,FJ,FJI,242,Egg and/or flesh foods consumption (6-23months),2021,73.2,Male,Units,%,Reanalysed,,Middle of fieldwork,6 to 23 months old
Fiji,FJ,FJI,242,Egg and/or flesh foods consumption (6-23months),2021,72.9,Total,Units,%,Reanalysed,,Middle of fieldwork,6 to 23 months old
Gabon,GA,GAB,266,Egg and/or flesh foods consumption (6-23months),2012,54.6,Female,Units,%,Reanalysed,,Middle of fieldwork,6 to 23 months old
Gabon,GA,GAB,266,Egg and/or flesh foods consumption (6-23months),2020,56.1,Female,Units,%,Reanalysed,,Middle of fieldwork,6 to 23 months old
Gabon,GA,GAB,266,Egg and/or flesh foods consumption (6-23months),2012,58.8,Male,Units,%,Reanalysed,,Middle of fieldwork,6 to 23 months old
Gabon,GA,GAB,266,Egg and/or flesh foods consumption (6-23months),2020,58.1,Male,Units,%,Reanalysed,,Middle of fieldwork,6 to 23 months old
Gabon,GA,GAB,266,Egg and/or flesh foods consumption (6-23months),2012,56.7,Total,Units,%,Reanalysed,,Middle of fieldwork,6 to 23 months old
Gabon,GA,GAB,266,Egg and/or flesh foods consumption (6-23months),2020,57.1,Total,Units,%,Reanalysed,,Middle of fieldwork,6 to 23 months old
Gambia,GM,GMB,270,Egg and/or flesh foods consumption (6-23months),2013,43.6,Female,Units,%,Reanalysed,,Middle of fieldwork,6 to 23 months old
Gambia,GM,GMB,270,Egg and/or flesh foods consumption (6-23months),2018,51.9,Female,Units,%,Reanalysed,,Middle of fieldwork,6 to 23 months old
Gambia,GM,GMB,270,Egg and/or flesh foods consumption (6-23months),2020,53.2,Female,Units,%,Reanalysed,,Middle of fieldwork,6 to 23 months old
Gambia,GM,GMB,270,Egg and/or flesh foods consumption (6-23months),2013,41.1,Male,Units,%,Reanalysed,,Middle of fieldwork,6 to 23 months old
Gambia,GM,GMB,270,Egg and/or flesh foods consumption (6-23months),2018,52.5,Male,Units,%,Reanalysed,,Middle of fieldwork,6 to 23 months old
Gambia,GM,GMB,270,Egg and/or flesh foods consumption (6-23months),2020,50.0,Male,Units,%,Reanalysed,,Middle of fieldwork,6 to 23 months old
Gambia,GM,GMB,270,Egg and/or flesh foods consumption (6-23months),2013,42.3,Total,Units,%,Reanalysed,,Middle of fieldwork,6 to 23 months old
Gambia,GM,GMB,270,Egg and/or flesh foods consumption (6-23months),2018,52.2,Total,Units,%,Reanalysed,,Middle of fieldwork,6 to 23 months old
Gambia,GM,GMB,270,Egg and/or flesh foods consumption (6-23months),2020,51.5,Total,Units,%,Reanalysed,,Middle of fieldwork,6 to 23 months old
Georgia,GE,GEO,268,Egg and/or flesh foods consumption (6-23months),2018,63.4,Female,Units,%,Reanalysed,,Middle of fieldwork,6 to 23 months old
Georgia,GE,GEO,268,Egg and/or flesh foods consumption (6-23months),2018,58.6,Male,Units,%,Reanalysed,,Middle of fieldwork,6 to 23 months old
Georgia,GE,GEO,268,Egg and/or flesh foods consumption (6-23months),2018,61.0,Total,Units,%,Reanalysed,,Middle of fieldwork,6 to 23 months old
Ghana,GH,GHA,288,Egg and/or flesh foods consumption (6-23months),2008,66.5,Female,Units,%,Reanalysed,,Middle of fieldwork,6 to 23 months old
Ghana,GH,GHA,288,Egg and/or flesh foods consumption (6-23months),2011,64.2,Female,Units,%,Reanalysed,,Middle of fieldwork,6 to 23 months old
Ghana,GH,GHA,288,Egg and/or flesh foods consumption (6-23months),2014,58.7,Female,Units,%,Reanalysed,,Middle of fieldwork,6 to 23 months old
Ghana,GH,GHA,288,Egg and/or flesh foods consumption (6-23months),2017,52.3,Female,Units,%,Reanalysed,,Middle of fieldwork,6 to 23 months old
Ghana,GH,GHA,288,Egg and/or flesh foods consumption (6-23months),2022,64.0,Female,Units,%,Reanalysed,,Middle of fieldwork,6 to 23 months old
Ghana,GH,GHA,288,Egg and/or flesh foods consumption (6-23months),2008,69.6,Male,Units,%,Reanalysed,,Middle of fieldwork,6 to 23 months old
Ghana,GH,GHA,288,Egg and/or flesh foods consumption (6-23months),2011,63.9,Male,Units,%,Reanalysed,,Middle of fieldwork,6 to 23 months old
Ghana,GH,GHA,288,Egg and/or flesh foods consumption (6-23months),2014,58.9,Male,Units,%,Reanalysed,,Middle of fieldwork,6 to 23 months old
Ghana,GH,GHA,288,Egg and/or flesh foods consumption (6-23months),2017,52.7,Male,Units,%,Reanalysed,,Middle of fieldwork,6 to 23 months old
Ghana,GH,GHA,288,Egg and/or flesh foods consumption (6-23months),2022,60.7,Male,Units,%,Reanalysed,,Middle of fieldwork,6 to 23 months old
Ghana,GH,GHA,288,Egg and/or flesh foods consumption (6-23months),2008,68.0,Total,Units,%,Reanalysed,,Middle of fieldwork,6 to 23 months old
Ghana,GH,GHA,288,Egg and/or flesh foods consumption (6-23months),2011,64.1,Total,Units,%,Reanalysed,,Middle of fieldwork,6 to 23 months old
Ghana,GH,GHA,288,Egg and/or flesh foods consumption (6-23months),2014,58.8,Total,Units,%,Reanalysed,,Middle of fieldwork,6 to 23 months old
Ghana,GH,GHA,288,Egg and/or flesh foods consumption (6-23months),2017,52.5,Total,Units,%,Reanalysed,,Middle of fieldwork,6 to 23 months old
Ghana,GH,GHA,288,Egg and/or flesh foods consumption (6-23months),2022,62.3,Total,Units,%,Reanalysed,,Middle of fieldwork,6 to 23 months old
Guatemala,GT,GTM,320,Egg and/or flesh foods consumption (6-23months),2015,67.7,Female,Units,%,Reanalysed,,Middle of fieldwork,6 to 23 months old
Guatemala,GT,GTM,320,Egg and/or flesh foods consumption (6-23months),2015,66.8,Male,Units,%,Reanalysed,,Middle of fieldwork,6 to 23 months old
Guatemala,GT,GTM,320,Egg and/or flesh foods consumption (6-23months),2015,67.2,Total,Units,%,Reanalysed,,Middle of fieldwork,6 to 23 months old
Guinea,GN,GIN,324,Egg and/or flesh foods consumption (6-23months),2012,23.1,Female,Units,%,Reanalysed,,Middle of fieldwork,6 to 23 months old
Guinea,GN,GIN,324,Egg and/or flesh foods consumption (6-23months),2016,34.2,Female,Units,%,Reanalysed,,Middle of fieldwork,6 to 23 months old
Guinea,GN,GIN,324,Egg and/or flesh foods consumption (6-23months),2018,31.9,Female,Units,%,Reanalysed,,Middle of fieldwork,6 to 23 months old
Guinea,GN,GIN,324,Egg and/or flesh foods consumption (6-23months),2012,20.7,Male,Units,%,Reanalysed,,Middle of fieldwork,6 to 23 months old
Guinea,GN,GIN,324,Egg and/or flesh foods consumption (6-23months),2016,31.5,Male,Units,%,Reanalysed,,Middle of fieldwork,6 to 23 months old
Guinea,GN,GIN,324,Egg and/or flesh foods consumption (6-23months),2018,32.0,Male,Units,%,Reanalysed,,Middle of fieldwork,6 to 23 months old
Guinea,GN,GIN,324,Egg and/or flesh foods consumption (6-23months),2012,21.8,Total,Units,%,Reanalysed,,Middle of fieldwork,6 to 23 months old
Guinea,GN,GIN,324,Egg and/or flesh foods consumption (6-23months),2016,32.8,Total,Units,%,Reanalysed,,Middle of fieldwork,6 to 23 months old
Guinea,GN,GIN,324,Egg and/or flesh foods consumption (6-23months),2018,31.9,Total,Units,%,Reanalysed,,Middle of fieldwork,6 to 23 months old
Guinea-Bissau,GW,GNB,624,Egg and/or flesh foods consumption (6-23months),2014,46.4,Female,Units,%,Reanalysed,,Middle of fieldwork,6 to 23 months old
Guinea-Bissau,GW,GNB,624,Egg and/or flesh foods consumption (6-23months),2019,38.6,Female,Units,%,Reanalysed,,Middle of fieldwork,6 to 23 months old
Guinea-Bissau,GW,GNB,624,Egg and/or flesh foods consumption (6-23months),2014,44.3,Male,Units,%,Reanalysed,,Middle of fieldwork,6 to 23 months old
Guinea-Bissau,GW,GNB,624,Egg and/or flesh foods consumption (6-23months),2019,31.6,Male,Units,%,Reanalysed,,Middle of fieldwork,6 to 23 months old
Guinea-Bissau,GW,GNB,624,Egg and/or flesh foods consumption (6-23months),2014,45.3,Total,Units,%,Reanalysed,,Middle of fieldwork,6 to 23 months old
Guinea-Bissau,GW,GNB,624,Egg and/or flesh foods consumption (6-23months),2019,35.1,Total,Units,%,Reanalysed,,Middle of fieldwork,6 to 23 months old
Guyana,GY,GUY,328,Egg and/or flesh foods consumption (6-23months),2009,72.4,Female,Units,%,Reanalysed,,Middle of fieldwork,6 to 23 months old
Guyana,GY,GUY,328,Egg and/or flesh foods consumption (6-23months),2014,65.9,Female,Units,%,Reanalysed,,Middle of fieldwork,6 to 23 months old
Guyana,GY,GUY,328,Egg and/or flesh foods consumption (6-23months),2019,62.2,Female,Units,%,Reanalysed,,Middle of fieldwork,6 to 23 months old
Guyana,GY,GUY,328,Egg and/or flesh foods consumption (6-23months),2009,68.1,Male,Units,%,Reanalysed,,Middle of fieldwork,6 to 23 months old
Guyana,GY,GUY,328,Egg and/or flesh foods consumption (6-23months),2014,63.7,Male,Units,%,Reanalysed,,Middle of fieldwork,6 to 23 months old
Guyana,GY,GUY,328,Egg and/or flesh foods consumption (6-23months),2019,60.4,Male,Units,%,Reanalysed,,Middle of fieldwork,6 to 23 months old
Guyana,GY,GUY,328,Egg and/or flesh foods consumption (6-23months),2009,70.3,Total,Units,%,Reanalysed,,Middle of fieldwork,6 to 23 months old
Guyana,GY,GUY,328,Egg and/or flesh foods consumption (6-23months),2014,64.8,Total,Units,%,Reanalysed,,Middle of fieldwork,6 to 23 months old
Guyana,GY,GUY,328,Egg and/or flesh foods consumption (6-23months),2019,61.3,Total,Units,%,Reanalysed,,Middle of fieldwork,6 to 23 months old
Haiti,HT,HTI,332,Egg and/or flesh foods consumption (6-23months),2006,36.2,Female,Units,%,Reanalysed,,Middle of fieldwork,6 to 23 months old
Haiti,HT,HTI,332,Egg and/or flesh foods consumption (6-23months),2012,38.9,Female,Units,%,Reanalysed,,Middle of fieldwork,6 to 23 months old
Haiti,HT,HTI,332,Egg and/or flesh foods consumption (6-23months),2017,37.7,Female,Units,%,Reanalysed,,Middle of fieldwork,6 to 23 months old
Haiti,HT,HTI,332,Egg and/or flesh foods consumption (6-23months),2006,39.8,Male,Units,%,Reanalysed,,Middle of fieldwork,6 to 23 months old
Haiti,HT,HTI,332,Egg and/or flesh foods consumption (6-23months),2012,37.4,Male,Units,%,Reanalysed,,Middle of fieldwork,6 to 23 months old
Haiti,HT,HTI,332,Egg and/or flesh foods consumption (6-23months),2017,33.5,Male,Units,%,Reanalysed,,Middle of fieldwork,6 to 23 months old
Haiti,HT,HTI,332,Egg and/or flesh foods consumption (6-23months),2006,38.0,Total,Units,%,Reanalysed,,Middle of fieldwork,6 to 23 months old
Haiti,HT,HTI,332,Egg and/or flesh foods consumption (6-23months),2012,38.2,Total,Units,%,Reanalysed,,Middle of fieldwork,6 to 23 months old
Haiti,HT,HTI,332,Egg and/or flesh foods consumption (6-23months),2017,35.6,Total,Units,%,Reanalysed,,Middle of fieldwork,6 to 23 months old
Honduras,HN,HND,340,Egg and/or flesh foods consumption (6-23months),2006,78.0,Female,Units,%,Reanalysed,,Middle of fieldwork,6 to 23 months old
Honduras,HN,HND,340,Egg and/or flesh foods consumption (6-23months),2012,76.6,Female,Units,%,Reanalysed,,Middle of fieldwork,6 to 23 months old
Honduras,HN,HND,340,Egg and/or flesh foods consumption (6-23months),2019,74.0,Female,Units,%,Reanalysed,,Middle of fieldwork,6 to 23 months old
Honduras,HN,HND,340,Egg and/or flesh foods consumption (6-23months),2006,76.2,Male,Units,%,Reanalysed,,Middle of fieldwork,6 to 23 months old
Honduras,HN,HND,340,Egg and/or flesh foods consumption (6-23months),2012,75.4,Male,Units,%,Reanalysed,,Middle of fieldwork,6 to 23 months old
Honduras,HN,HND,340,Egg and/or flesh foods consumption (6-23months),2019,71.8,Male,Units,%,Reanalysed,,Middle of fieldwork,6 to 23 months old
Honduras,HN,HND,340,Egg and/or flesh foods consumption (6-23months),2006,77.1,Total,Units,%,Reanalysed,,Middle of fieldwork,6 to 23 months old
Honduras,HN,HND,340,Egg and/or flesh foods consumption (6-23months),2012,76.0,Total,Units,%,Reanalysed,,Middle of fieldwork,6 to 23 months old
Honduras,HN,HND,340,Egg and/or flesh foods consumption (6-23months),2019,72.9,Total,Units,%,Reanalysed,,Middle of fieldwork,6 to 23 months old
India,IN,IND,356,Egg and/or flesh foods consumption (6-23months),2006,11.5,Female,Units,%,Reanalysed,,Middle of fieldwork,6 to 23 months old
India,IN,IND,356,Egg and/or flesh foods consumption (6-23months),2015,18.6,Female,Units,%,Reanalysed,,Middle of fieldwork,6 to 23 months old
India,IN,IND,356,Egg and/or flesh foods consumption (6-23months),2017,16.0,Female,Units,%,External Reanalysis,,Middle of fieldwork,6 to 23 months old
India,IN,IND,356,Egg and/or flesh foods consumption (6-23months),2020,21.9,Female,Units,%,Reanalysed,,Middle of fieldwork,6 to 23 months old
India,IN,IND,356,Egg and/or flesh foods consumption (6-23months),2006,11.0,Male,Units,%,Reanalysed,,Middle of fieldwork,6 to 23 months old
India,IN,IND,356,Egg and/or flesh foods consumption (6-23months),2015,17.3,Male,Units,%,Reanalysed,,Middle of fieldwork,6 to 23 months old
India,IN,IND,356,Egg and/or flesh foods consumption (6-23months),2017,13.3,Male,Units,%,External Reanalysis,,Middle of fieldwork,6 to 23 months old
India,IN,IND,356,Egg and/or flesh foods consumption (6-23months),2020,21.5,Male,Units,%,Reanalysed,,Middle of fieldwork,6 to 23 months old
India,IN,IND,356,Egg and/or flesh foods consumption (6-23months),2006,11.2,Total,Units,%,Reanalysed,,Middle of fieldwork,6 to 23 months old
India,IN,IND,356,Egg and/or flesh foods consumption (6-23months),2015,17.9,Total,Units,%,Reanalysed,,Middle of fieldwork,6 to 23 months old
India,IN,IND,356,Egg and/or flesh foods consumption (6-23months),2017,14.6,Total,Units,%,External Reanalysis,,Middle of fieldwork,6 to 23 months old
India,IN,IND,356,Egg and/or flesh foods consumption (6-23months),2020,21.7,Total,Units,%,Reanalysed,,Middle of fieldwork,6 to 23 months old
Indonesia,ID,IDN,360,Egg and/or flesh foods consumption (6-23months),2012,69.8,Female,Units,%,Reanalysed,,Middle of fieldwork,6 to 23 months old
Indonesia,ID,IDN,360,Egg and/or flesh foods consumption (6-23months),2017,72.1,Female,Units,%,Reanalysed,,Middle of fieldwork,6 to 23 months old
Indonesia,ID,IDN,360,Egg and/or flesh foods consumption (6-23months),2012,65.3,Male,Units,%,Reanalysed,,Middle of fieldwork,6 to 23 months old
Indonesia,ID,IDN,360,Egg and/or flesh foods consumption (6-23months),2017,70.6,Male,Units,%,Reanalysed,,Middle of fieldwork,6 to 23 months old
Indonesia,ID,IDN,360,Egg and/or flesh foods consumption (6-23months),2012,67.5,Total,Units,%,Reanalysed,,Middle of fieldwork,6 to 23 months old
Indonesia,ID,IDN,360,Egg and/or flesh foods consumption (6-23months),2017,71.3,Total,Units,%,Reanalysed,,Middle of fieldwork,6 to 23 months old
Iraq,IQ,IRQ,368,Egg and/or flesh foods consumption (6-23months),2018,63.4,Female,Units,%,Reanalysed,,Middle of fieldwork,6 to 23 months old
Iraq,IQ,IRQ,368,Egg and/or flesh foods consumption (6-23months),2018,66.4,Male,Units,%,Reanalysed,,Middle of fieldwork,6 to 23 months old
Iraq,IQ,IRQ,368,Egg and/or flesh foods consumption (6-23months),2018,64.9,Total,Units,%,Reanalysed,,Middle of fieldwork,6 to 23 months old
Jamaica,JM,JAM,388,Egg and/or flesh foods consumption (6-23months),2022,74.1,Female,Units,%,Reanalysed,,Middle of fieldwork,6 to 23 months old
Jamaica,JM,JAM,388,Egg and/or flesh foods consumption (6-23months),2022,69.8,Male,Units,%,Reanalysed,,Middle of fieldwork,6 to 23 months old
Jamaica,JM,JAM,388,Egg and/or flesh foods consumption (6-23months),2022,71.8,Total,Units,%,Reanalysed,,Middle of fieldwork,6 to 23 months old
Jordan,JO,JOR,400,Egg and/or flesh foods consumption (6-23months),2007,66.0,Female,Units,%,Reanalysed,,Middle of fieldwork,6 to 23 months old
Jordan,JO,JOR,400,Egg and/or flesh foods consumption (6-23months),2012,61.4,Female,Units,%,Reanalysed,,Middle of fieldwork,6 to 23 months old
Jordan,JO,JOR,400,Egg and/or flesh foods consumption (6-23months),2017,56.5,Female,Units,%,Reanalysed,,Middle of fieldwork,6 to 23 months old
Jordan,JO,JOR,400,Egg and/or flesh foods consumption (6-23months),2019,68.0,Female,Units,%,Reanalysed,,Middle of fieldwork,6 to 23 months old
Jordan,JO,JOR,400,Egg and/or flesh foods consumption (6-23months),2023,62.2,Female,Units,%,Reanalysed,,Middle of fieldwork,6 to 23 months old
Jordan,JO,JOR,400,Egg and/or flesh foods consumption (6-23months),2007,65.7,Male,Units,%,Reanalysed,,Middle of fieldwork,6 to 23 months old
Jordan,JO,JOR,400,Egg and/or flesh foods consumption (6-23months),2012,59.8,Male,Units,%,Reanalysed,,Middle of fieldwork,6 to 23 months old
Jordan,JO,JOR,400,Egg and/or flesh foods consumption (6-23months),2017,62.3,Male,Units,%,Reanalysed,,Middle of fieldwork,6 to 23 months old
Jordan,JO,JOR,400,Egg and/or flesh foods consumption (6-23months),2019,55.6,Male,Units,%,Reanalysed,,Middle of fieldwork,6 to 23 months old
Jordan,JO,JOR,400,Egg and/or flesh foods consumption (6-23months),2023,62.6,Male,Units,%,Reanalysed,,Middle of fieldwork,6 to 23 months old
Jordan,JO,JOR,400,Egg and/or flesh foods consumption (6-23months),2007,65.9,Total,Units,%,Reanalysed,,Middle of fieldwork,6 to 23 months old
Jordan,JO,JOR,400,Egg and/or flesh foods consumption (6-23months),2012,60.5,Total,Units,%,Reanalysed,,Middle of fieldwork,6 to 23 months old
Jordan,JO,JOR,400,Egg and/or flesh foods consumption (6-23months),2017,59.6,Total,Units,%,Reanalysed,,Middle of fieldwork,6 to 23 months old
Jordan,JO,JOR,400,Egg and/or flesh foods consumption (6-23months),2019,62.0,Total,Units,%,Reanalysed,,Middle of fieldwork,6 to 23 months old
Jordan,JO,JOR,400,Egg and/or flesh foods consumption (6-23months),2023,62.4,Total,Units,%,Reanalysed,,Middle of fieldwork,6 to 23 months old
Kazakhstan,KZ,KAZ,398,Egg and/or flesh foods consumption (6-23months),2015,68.7,Female,Units,%,Reanalysed,,Middle of fieldwork,6 to 23 months old
Kazakhstan,KZ,KAZ,398,Egg and/or flesh foods consumption (6-23months),2015,72.7,Male,Units,%,Reanalysed,,Middle of fieldwork,6 to 23 months old
Kazakhstan,KZ,KAZ,398,Egg and/or flesh foods consumption (6-23months),2015,70.8,Total,Units,%,Reanalysed,,Middle of fieldwork,6 to 23 months old
Kenya,KE,KEN,404,Egg and/or flesh foods consumption (6-23months),2014,33.5,Female,Units,%,Reanalysed,,Middle of fieldwork,6 to 23 months old
Kenya,KE,KEN,404,Egg and/or flesh foods consumption (6-23months),2022,26.9,Female,Units,%,Reanalysed,,Middle of fieldwork,6 to 23 months old
Kenya,KE,KEN,404,Egg and/or flesh foods consumption (6-23months),2014,33.2,Male,Units,%,Reanalysed,,Middle of fieldwork,6 to 23 months old
Kenya,KE,KEN,404,Egg and/or flesh foods consumption (6-23months),2022,28.8,Male,Units,%,Reanalysed,,Middle of fieldwork,6 to 23 months old
Kenya,KE,KEN,404,Egg and/or flesh foods consumption (6-23months),2014,33.3,Total,Units,%,Reanalysed,,Middle of fieldwork,6 to 23 months old
Kenya,KE,KEN,404,Egg and/or flesh foods consumption (6-23months),2022,27.8,Total,Units,%,Reanalysed,,Middle of fieldwork,6 to 23 months old
Kiribati,KI,KIR,296,Egg and/or flesh foods consumption (6-23months),2009,68.4,Female,Units,%,Reanalysed,,Middle of fieldwork,6 to 23 months old
Kiribati,KI,KIR,296,Egg and/or flesh foods consumption (6-23months),2018,59.0,Female,Units,%,Reanalysed,,Middle of fieldwork,6 to 23 months old
Kiribati,KI,KIR,296,Egg and/or flesh foods consumption (6-23months),2009,71.8,Male,Units,%,Reanalysed,,Middle of fieldwork,6 to 23 months old
Kiribati,KI,KIR,296,Egg and/or flesh foods consumption (6-23months),2018,56.8,Male,Units,%,Reanalysed,,Middle of fieldwork,6 to 23 months old
Kiribati,KI,KIR,296,Egg and/or flesh foods consumption (6-23months),2009,70.2,Total,Units,%,Reanalysed,,Middle of fieldwork,6 to 23 months old
Kiribati,KI,KIR,296,Egg and/or flesh foods consumption (6-23months),2018,57.8,Total,Units,%,Reanalysed,,Middle of fieldwork,6 to 23 months old
Kyrgyzstan,KG,KGZ,417,Egg and/or flesh foods consumption (6-23months),2012,62.5,Female,Units,%,Reanalysed,,Middle of fieldwork,6 to 23 months old
Kyrgyzstan,KG,KGZ,417,Egg and/or flesh foods consumption (6-23months),2014,69.3,Female,Units,%,Reanalysed,,Middle of fieldwork,6 to 23 months old
Kyrgyzstan,KG,KGZ,417,Egg and/or flesh foods consumption (6-23months),2018,77.8,Female,Units,%,Reanalysed,,Middle of fieldwork,6 to 23 months old
Kyrgyzstan,KG,KGZ,417,Egg and/or flesh foods consumption (6-23months),2021,73.6,Female,Units,%,Reanalysed,,Middle of fieldwork,6 to 23 months old
Kyrgyzstan,KG,KGZ,417,Egg and/or flesh foods consumption (6-23months),2023,79.7,Female,Units,%,Reanalysed,,Middle of fieldwork,6 to 23 months old
Kyrgyzstan,KG,KGZ,417,Egg and/or flesh foods consumption (6-23months),2012,59.0,Male,Units,%,Reanalysed,,Middle of fieldwork,6 to 23 months old
Kyrgyzstan,KG,KGZ,417,Egg and/or flesh foods consumption (6-23months),2014,72.6,Male,Units,%,Reanalysed,,Middle of fieldwork,6 to 23 months old
Kyrgyzstan,KG,KGZ,417,Egg and/or flesh foods consumption (6-23months),2018,76.9,Male,Units,%,Reanalysed,,Middle of fieldwork,6 to 23 months old
Kyrgyzstan,KG,KGZ,417,Egg and/or flesh foods consumption (6-23months),2021,72.8,Male,Units,%,Reanalysed,,Middle of fieldwork,6 to 23 months old
Kyrgyzstan,KG,KGZ,417,Egg and/or flesh foods consumption (6-23months),2023,78.1,Male,Units,%,Reanalysed,,Middle of fieldwork,6 to 23 months old
Kyrgyzstan,KG,KGZ,417,Egg and/or flesh foods consumption (6-23months),2012,60.6,Total,Units,%,Reanalysed,,Middle of fieldwork,6 to 23 months old
Kyrgyzstan,KG,KGZ,417,Egg and/or flesh foods consumption (6-23months),2014,71.1,Total,Units,%,Reanalysed,,Middle of fieldwork,6 to 23 months old
Kyrgyzstan,KG,KGZ,417,Egg and/or flesh foods consumption (6-23months),2018,77.3,Total,Units,%,Reanalysed,,Middle of fieldwork,6 to 23 months old
Kyrgyzstan,KG,KGZ,417,Egg and/or flesh foods consumption (6-23months),2021,73.2,Total,Units,%,Reanalysed,,Middle of fieldwork,6 to 23 months old
Kyrgyzstan,KG,KGZ,417,Egg and/or flesh foods consumption (6-23months),2023,78.9,Total,Units,%,Reanalysed,,Middle of fieldwork,6 to 23 months old
Lao People's Democratic Republic,LA,LAO,418,Egg and/or flesh foods consumption (6-23months),2017,77.9,Female,Units,%,Reanalysed,,Middle of fieldwork,6 to 23 months old
Lao People's Democratic Republic,LA,LAO,418,Egg and/or flesh foods consumption (6-23months),2017,79.9,Male,Units,%,Reanalysed,,Middle of fieldwork,6 to 23 months old
Lao People's Democratic Republic,LA,LAO,418,Egg and/or flesh foods consumption (6-23months),2017,79.0,Total,Units,%,Reanalysed,,Middle of fieldwork,6 to 23 months old
Lebanon,LB,LBN,422,Egg and/or flesh foods consumption (6-23months),2021,36.1,Female,Units,%,Reanalysed,,Middle of fieldwork,6 to 23 months old
Lebanon,LB,LBN,422,Egg and/or flesh foods consumption (6-23months),2021,41.3,Male,Units,%,Reanalysed,,Middle of fieldwork,6 to 23 months old
Lebanon,LB,LBN,422,Egg and/or flesh foods consumption (6-23months),2021,38.5,Total,Units,%,Reanalysed,,Middle of fieldwork,6 to 23 months old
Lebanon,LB,LBN,422,Egg and/or flesh foods consumption (6-23months),2023,38.3,Total,Units,%,Reported,,Middle of fieldwork,6 to 23 months old
Lesotho,LS,LSO,426,Egg and/or flesh foods consumption (6-23months),2009,53.2,Female,Units,%,Reanalysed,,Middle of fieldwork,6 to 23 months old
Lesotho,LS,LSO,426,Egg and/or flesh foods consumption (6-23months),2014,41.6,Female,Units,%,Reanalysed,,Middle of fieldwork,6 to 23 months old
Lesotho,LS,LSO,426,Egg and/or flesh foods consumption (6-23months),2018,40.0,Female,Units,%,Reanalysed,,Middle of fieldwork,6 to 23 months old
Lesotho,LS,LSO,426,Egg and/or flesh foods consumption (6-23months),2024,34.4,Female,Units,%,Reanalysed,,Middle of fieldwork,6 to 23 months old
Lesotho,LS,LSO,426,Egg and/or flesh foods consumption (6-23months),2009,49.8,Male,Units,%,Reanalysed,,Middle of fieldwork,6 to 23 months old
Lesotho,LS,LSO,426,Egg and/or flesh foods consumption (6-23months),2014,39.3,Male,Units,%,Reanalysed,,Middle of fieldwork,6 to 23 months old
Lesotho,LS,LSO,426,Egg and/or flesh foods consumption (6-23months),2018,39.1,Male,Units,%,Reanalysed,,Middle of fieldwork,6 to 23 months old
Lesotho,LS,LSO,426,Egg and/or flesh foods consumption (6-23months),2024,30.0,Male,Units,%,Reanalysed,,Middle of fieldwork,6 to 23 months old
Lesotho,LS,LSO,426,Egg and/or flesh foods consumption (6-23months),2009,51.6,Total,Units,%,Reanalysed,,Middle of fieldwork,6 to 23 months old
Lesotho,LS,LSO,426,Egg and/or flesh foods consumption (6-23months),2014,40.5,Total,Units,%,Reanalysed,,Middle of fieldwork,6 to 23 months old
Lesotho,LS,LSO,426,Egg and/or flesh foods consumption (6-23months),2018,39.5,Total,Units,%,Reanalysed,,Middle of fieldwork,6 to 23 months old
Lesotho,LS,LSO,426,Egg and/or flesh foods consumption (6-23months),2024,32.1,Total,Units,%,Reanalysed,,Middle of fieldwork,6 to 23 months old
Liberia,LR,LBR,430,Egg and/or flesh foods consumption (6-23months),2007,58.0,Female,Units,%,Reanalysed,,Middle of fieldwork,6 to 23 months old
Liberia,LR,LBR,430,Egg and/or flesh foods consumption (6-23months),2013,46.1,Female,Units,%,Reanalysed,,Middle of fieldwork,6 to 23 months old
Liberia,LR,LBR,430,Egg and/or flesh foods consumption (6-23months),2019,50.3,Female,Units,%,Reanalysed,,Middle of fieldwork,6 to 23 months old
Liberia,LR,LBR,430,Egg and/or flesh foods consumption (6-23months),2007,59.2,Male,Units,%,Reanalysed,,Middle of fieldwork,6 to 23 months old
Liberia,LR,LBR,430,Egg and/or flesh foods consumption (6-23months),2013,43.7,Male,Units,%,Reanalysed,,Middle of fieldwork,6 to 23 months old
Liberia,LR,LBR,430,Egg and/or flesh foods consumption (6-23months),2019,48.9,Male,Units,%,Reanalysed,,Middle of fieldwork,6 to 23 months old
Liberia,LR,LBR,430,Egg and/or flesh foods consumption (6-23months),2007,58.6,Total,Units,%,Reanalysed,,Middle of fieldwork,6 to 23 months old
Liberia,LR,LBR,430,Egg and/or flesh foods consumption (6-23months),2013,44.8,Total,Units,%,Reanalysed,,Middle of fieldwork,6 to 23 months old
Liberia,LR,LBR,430,Egg and/or flesh foods consumption (6-23months),2019,49.6,Total,Units,%,Reanalysed,,Middle of fieldwork,6 to 23 months old
Madagascar,MG,MDG,450,Egg and/or flesh foods consumption (6-23months),2009,41.8,Female,Units,%,Reanalysed,,Middle of fieldwork,6 to 23 months old
Madagascar,MG,MDG,450,Egg and/or flesh foods consumption (6-23months),2018,45.7,Female,Units,%,Reanalysed,,Middle of fieldwork,6 to 23 months old
Madagascar,MG,MDG,450,Egg and/or flesh foods consumption (6-23months),2021,44.2,Female,Units,%,Reanalysed,,Middle of fieldwork,6 to 23 months old
Madagascar,MG,MDG,450,Egg and/or flesh foods consumption (6-23months),2009,43.6,Male,Units,%,Reanalysed,,Middle of fieldwork,6 to 23 months old
Madagascar,MG,MDG,450,Egg and/or flesh foods consumption (6-23months),2018,48.7,Male,Units,%,Reanalysed,,Middle of fieldwork,6 to 23 months old
Madagascar,MG,MDG,450,Egg and/or flesh foods consumption (6-23months),2021,43.8,Male,Units,%,Reanalysed,,Middle of fieldwork,6 to 23 months old
Madagascar,MG,MDG,450,Egg and/or flesh foods consumption (6-23months),2009,42.7,Total,Units,%,Reanalysed,,Middle of fieldwork,6 to 23 months old
Madagascar,MG,MDG,450,Egg and/or flesh foods consumption (6-23months),2018,47.3,Total,Units,%,Reanalysed,,Middle of fieldwork,6 to 23 months old
Madagascar,MG,MDG,450,Egg and/or flesh foods consumption (6-23months),2021,44.0,Total,Units,%,Reanalysed,,Middle of fieldwork,6 to 23 months old
Malawi,MW,MWI,454,Egg and/or flesh foods consumption (6-23months),2010,45.6,Female,Units,%,Reanalysed,,Middle of fieldwork,6 to 23 months old
Malawi,MW,MWI,454,Egg and/or flesh foods consumption (6-23months),2014,35.7,Female,Units,%,Reanalysed,,Middle of fieldwork,6 to 23 months old
Malawi,MW,MWI,454,Egg and/or flesh foods consumption (6-23months),2015,37.9,Female,Units,%,Reanalysed,,Middle of fieldwork,6 to 23 months old
Malawi,MW,MWI,454,Egg and/or flesh foods consumption (6-23months),2020,34.5,Female,Units,%,Reanalysed,,Middle of fieldwork,6 to 23 months old
Malawi,MW,MWI,454,Egg and/or flesh foods consumption (6-23months),2010,43.7,Male,Units,%,Reanalysed,,Middle of fieldwork,6 to 23 months old
Malawi,MW,MWI,454,Egg and/or flesh foods consumption (6-23months),2014,36.2,Male,Units,%,Reanalysed,,Middle of fieldwork,6 to 23 months old
Malawi,MW,MWI,454,Egg and/or flesh foods consumption (6-23months),2015,37.3,Male,Units,%,Reanalysed,,Middle of fieldwork,6 to 23 months old
Malawi,MW,MWI,454,Egg and/or flesh foods consumption (6-23months),2020,37.6,Male,Units,%,Reanalysed,,Middle of fieldwork,6 to 23 months old
Malawi,MW,MWI,454,Egg and/or flesh foods consumption (6-23months),2010,44.7,Total,Units,%,Reanalysed,,Middle of fieldwork,6 to 23 months old
Malawi,MW,MWI,454,Egg and/or flesh foods consumption (6-23months),2014,36.0,Total,Units,%,Reanalysed,,Middle of fieldwork,6 to 23 months old
Malawi,MW,MWI,454,Egg and/or flesh foods consumption (6-23months),2015,37.6,Total,Units,%,Reanalysed,,Middle of fieldwork,6 to 23 months old
Malawi,MW,MWI,454,Egg and/or flesh foods consumption (6-23months),2020,36.1,Total,Units,%,Reanalysed,,Middle of fieldwork,6 to 23 months old
Maldives,MV,MDV,462,Egg and/or flesh foods consumption (6-23months),2009,57.5,Female,Units,%,Reanalysed,,Middle of fieldwork,6 to 23 months old
Maldives,MV,MDV,462,Egg and/or flesh foods consumption (6-23months),2017,75.4,Female,Units,%,Reanalysed,,Middle of fieldwork,6 to 23 months old
Maldives,MV,MDV,462,Egg and/or flesh foods consumption (6-23months),2009,56.6,Male,Units,%,Reanalysed,,Middle of fieldwork,6 to 23 months old
Maldives,MV,MDV,462,Egg and/or flesh foods consumption (6-23months),2017,68.8,Male,Units,%,Reanalysed,,Middle of fieldwork,6 to 23 months old
Maldives,MV,MDV,462,Egg and/or flesh foods consumption (6-23months),2009,57.0,Total,Units,%,Reanalysed,,Middle of fieldwork,6 to 23 months old
Maldives,MV,MDV,462,Egg and/or flesh foods consumption (6-23months),2017,72.0,Total,Units,%,Reanalysed,,Middle of fieldwork,6 to 23 months old
Mali,ML,MLI,466,Egg and/or flesh foods consumption (6-23months),2010,51.6,Female,Units,%,Reanalysed,,Middle of fieldwork,6 to 23 months old
Mali,ML,MLI,466,Egg and/or flesh foods consumption (6-23months),2015,43.9,Female,Units,%,Reanalysed,,Middle of fieldwork,6 to 23 months old
Mali,ML,MLI,466,Egg and/or flesh foods consumption (6-23months),2018,48.9,Female,Units,%,Reanalysed,,Middle of fieldwork,6 to 23 months old
Mali,ML,MLI,466,Egg and/or flesh foods consumption (6-23months),2019,47.1,Female,Units,%,Reanalysed,,Middle of fieldwork,6 to 23 months old
Mali,ML,MLI,466,Egg and/or flesh foods consumption (6-23months),2020,58.9,Female,Units,%,Reanalysed,,Middle of fieldwork,6 to 23 months old
Mali,ML,MLI,466,Egg and/or flesh foods consumption (6-23months),2021,52.0,Female,Units,%,Reanalysed,,Middle of fieldwork,6 to 23 months old
Mali,ML,MLI,466,Egg and/or flesh foods consumption (6-23months),2010,48.5,Male,Units,%,Reanalysed,,Middle of fieldwork,6 to 23 months old
Mali,ML,MLI,466,Egg and/or flesh foods consumption (6-23months),2015,41.3,Male,Units,%,Reanalysed,,Middle of fieldwork,6 to 23 months old
Mali,ML,MLI,466,Egg and/or flesh foods consumption (6-23months),2018,46.3,Male,Units,%,Reanalysed,,Middle of fieldwork,6 to 23 months old
Mali,ML,MLI,466,Egg and/or flesh foods consumption (6-23months),2019,47.2,Male,Units,%,Reanalysed,,Middle of fieldwork,6 to 23 months old
Mali,ML,MLI,466,Egg and/or flesh foods consumption (6-23months),2020,54.3,Male,Units,%,Reanalysed,,Middle of fieldwork,6 to 23 months old
Mali,ML,MLI,466,Egg and/or flesh foods consumption (6-23months),2021,55.5,Male,Units,%,Reanalysed,,Middle of fieldwork,6 to 23 months old
Mali,ML,MLI,466,Egg and/or flesh foods consumption (6-23months),2010,50.1,Total,Units,%,Reanalysed,,Middle of fieldwork,6 to 23 months old
Mali,ML,MLI,466,Egg and/or flesh foods consumption (6-23months),2015,42.6,Total,Units,%,Reanalysed,,Middle of fieldwork,6 to 23 months old
Mali,ML,MLI,466,Egg and/or flesh foods consumption (6-23months),2018,47.5,Total,Units,%,Reanalysed,,Middle of fieldwork,6 to 23 months old
Mali,ML,MLI,466,Egg and/or flesh foods consumption (6-23months),2019,47.2,Total,Units,%,Reanalysed,,Middle of fieldwork,6 to 23 months old
Mali,ML,MLI,466,Egg and/or flesh foods consumption (6-23months),2020,56.7,Total,Units,%,Reanalysed,,Middle of fieldwork,6 to 23 months old
Mali,ML,MLI,466,Egg and/or flesh foods consumption (6-23months),2021,53.8,Total,Units,%,Reanalysed,,Middle of fieldwork,6 to 23 months old
Marshall Islands,MH,MHL,584,Egg and/or flesh foods consumption (6-23months),2017,68.3,Female,Units,%,Reanalysed,,Middle of fieldwork,6 to 23 months old
Marshall Islands,MH,MHL,584,Egg and/or flesh foods consumption (6-23months),2017,62.7,Male,Units,%,Reanalysed,,Middle of fieldwork,6 to 23 months old
Marshall Islands,MH,MHL,584,Egg and/or flesh foods consumption (6-23months),2017,65.3,Total,Units,%,Reanalysed,,Middle of fieldwork,6 to 23 months old
Mauritania,MR,MRT,478,Egg and/or flesh foods consumption (6-23months),2015,49.1,Female,Units,%,Reanalysed,,Middle of fieldwork,6 to 23 months old
Mauritania,MR,MRT,478,Egg and/or flesh foods consumption (6-23months),2020,33.5,Female,Units,%,Reanalysed,,Middle of fieldwork,6 to 23 months old
Mauritania,MR,MRT,478,Egg and/or flesh foods consumption (6-23months),2015,45.3,Male,Units,%,Reanalysed,,Middle of fieldwork,6 to 23 months old
Mauritania,MR,MRT,478,Egg and/or flesh foods consumption (6-23months),2020,34.8,Male,Units,%,Reanalysed,,Middle of fieldwork,6 to 23 months old
Mauritania,MR,MRT,478,Egg and/or flesh foods consumption (6-23months),2015,47.2,Total,Units,%,Reanalysed,,Middle of fieldwork,6 to 23 months old
Mauritania,MR,MRT,478,Egg and/or flesh foods consumption (6-23months),2020,34.2,Total,Units,%,Reanalysed,,Middle of fieldwork,6 to 23 months old
Mexico,MX,MEX,484,Egg and/or flesh foods consumption (6-23months),2015,73.3,Female,Units,%,Reanalysed,,Middle of fieldwork,6 to 23 months old
Mexico,MX,MEX,484,Egg and/or flesh foods consumption (6-23months),2015,62.3,Male,Units,%,Reanalysed,,Middle of fieldwork,6 to 23 months old
Mexico,MX,MEX,484,Egg and/or flesh foods consumption (6-23months),2015,68.0,Total,Units,%,Reanalysed,,Middle of fieldwork,6 to 23 months old
Mongolia,MN,MNG,496,Egg and/or flesh foods consumption (6-23months),2013,89.7,Female,Units,%,Reanalysed,,Middle of fieldwork,6 to 23 months old
Mongolia,MN,MNG,496,Egg and/or flesh foods consumption (6-23months),2016,93.9,Female,Units,%,Reanalysed,,Middle of fieldwork,6 to 23 months old
Mongolia,MN,MNG,496,Egg and/or flesh foods consumption (6-23months),2018,88.6,Female,Units,%,Reanalysed,,Middle of fieldwork,6 to 23 months old
Mongolia,MN,MNG,496,Egg and/or flesh foods consumption (6-23months),2013,89.9,Male,Units,%,Reanalysed,,Middle of fieldwork,6 to 23 months old
Mongolia,MN,MNG,496,Egg and/or flesh foods consumption (6-23months),2016,94.0,Male,Units,%,Reanalysed,,Middle of fieldwork,6 to 23 months old
Mongolia,MN,MNG,496,Egg and/or flesh foods consumption (6-23months),2018,87.2,Male,Units,%,Reanalysed,,Middle of fieldwork,6 to 23 months old
Mongolia,MN,MNG,496,Egg and/or flesh foods consumption (6-23months),2013,89.8,Total,Units,%,Reanalysed,,Middle of fieldwork,6 to 23 months old
Mongolia,MN,MNG,496,Egg and/or flesh foods consumption (6-23months),2016,93.9,Total,Units,%,Reanalysed,,Middle of fieldwork,6 to 23 months old
Mongolia,MN,MNG,496,Egg and/or flesh foods consumption (6-23months),2018,87.9,Total,Units,%,Reanalysed,,Middle of fieldwork,6 to 23 months old
Mongolia,MN,MNG,496,Egg and/or flesh foods consumption (6-23months),2023,85.6,Total,Units,%,Reported,,Middle of fieldwork,6 to 23 months old
Montenegro,ME,MNE,499,Egg and/or flesh foods consumption (6-23months),2013,78.4,Female,Units,%,Reanalysed,,Middle of fieldwork,6 to 23 months old
Montenegro,ME,MNE,499,Egg and/or flesh foods consumption (6-23months),2018,74.7,Female,Units,%,Reanalysed,,Middle of fieldwork,6 to 23 months old
Montenegro,ME,MNE,499,Egg and/or flesh foods consumption (6-23months),2013,76.5,Male,Units,%,Reanalysed,,Middle of fieldwork,6 to 23 months old
Montenegro,ME,MNE,499,Egg and/or flesh foods consumption (6-23months),2018,80.8,Male,Units,%,Reanalysed,,Middle of fieldwork,6 to 23 months old
Montenegro,ME,MNE,499,Egg and/or flesh foods consumption (6-23months),2013,77.4,Total,Units,%,Reanalysed,,Middle of fieldwork,6 to 23 months old
Montenegro,ME,MNE,499,Egg and/or flesh foods consumption (6-23months),2018,78.1,Total,Units,%,Reanalysed,,Middle of fieldwork,6 to 23 months old
Mozambique,MZ,MOZ,508,Egg and/or flesh foods consumption (6-23months),2011,45.8,Female,Units,%,Reanalysed,,Middle of fieldwork,6 to 23 months old
Mozambique,MZ,MOZ,508,Egg and/or flesh foods consumption (6-23months),2022,37.7,Female,Units,%,Reanalysed,,Middle of fieldwork,6 to 23 months old
Mozambique,MZ,MOZ,508,Egg and/or flesh foods consumption (6-23months),2011,44.5,Male,Units,%,Reanalysed,,Middle of fieldwork,6 to 23 months old
Mozambique,MZ,MOZ,508,Egg and/or flesh foods consumption (6-23months),2022,33.6,Male,Units,%,Reanalysed,,Middle of fieldwork,6 to 23 months old
Mozambique,MZ,MOZ,508,Egg and/or flesh foods consumption (6-23months),2011,45.2,Total,Units,%,Reanalysed,,Middle of fieldwork,6 to 23 months old
Mozambique,MZ,MOZ,508,Egg and/or flesh foods consumption (6-23months),2022,35.7,Total,Units,%,Reanalysed,,Middle of fieldwork,6 to 23 months old
Myanmar,MM,MMR,104,Egg and/or flesh foods consumption (6-23months),2016,57.8,Female,Units,%,Reanalysed,,Middle of fieldwork,6 to 23 months old
Myanmar,MM,MMR,104,Egg and/or flesh foods consumption (6-23months),2016,59.1,Male,Units,%,Reanalysed,,Middle of fieldwork,6 to 23 months old
Myanmar,MM,MMR,104,Egg and/or flesh foods consumption (6-23months),2016,58.5,Total,Units,%,Reanalysed,,Middle of fieldwork,6 to 23 months old
Namibia,,NAM,516,Egg and/or flesh foods consumption (6-23months),2007,61.0,Female,Units,%,Reanalysed,,Middle of fieldwork,6 to 23 months old
Namibia,,NAM,516,Egg and/or flesh foods consumption (6-23months),2013,65.0,Female,Units,%,Reanalysed,,Middle of fieldwork,6 to 23 months old
Namibia,,NAM,516,Egg and/or flesh foods consumption (6-23months),2007,59.9,Male,Units,%,Reanalysed,,Middle of fieldwork,6 to 23 months old
Namibia,,NAM,516,Egg and/or flesh foods consumption (6-23months),2013,63.3,Male,Units,%,Reanalysed,,Middle of fieldwork,6 to 23 months old
Namibia,,NAM,516,Egg and/or flesh foods consumption (6-23months),2007,60.5,Total,Units,%,Reanalysed,,Middle of fieldwork,6 to 23 months old
Namibia,,NAM,516,Egg and/or flesh foods consumption (6-23months),2013,64.2,Total,Units,%,Reanalysed,,Middle of fieldwork,6 to 23 months old
Nauru,NR,NRU,520,Egg and/or flesh foods consumption (6-23months),2023,91.7,Female,Units,%,Low reliability,,Middle of fieldwork,6 to 23 months old
Nauru,NR,NRU,520,Egg and/or flesh foods consumption (6-23months),2023,80.6,Male,Units,%,Reanalysed,,Middle of fieldwork,6 to 23 months old
Nauru,NR,NRU,520,Egg and/or flesh foods consumption (6-23months),2023,85.2,Total,Units,%,Reanalysed,,Middle of fieldwork,6 to 23 months old
Nepal,NP,NPL,524,Egg and/or flesh foods consumption (6-23months),2006,20.7,Female,Units,%,Reanalysed,,Middle of fieldwork,6 to 23 months old
Nepal,NP,NPL,524,Egg and/or flesh foods consumption (6-23months),2011,25.5,Female,Units,%,Reanalysed,,Middle of fieldwork,6 to 23 months old
Nepal,NP,NPL,524,Egg and/or flesh foods consumption (6-23months),2014,25.9,Female,Units,%,Reanalysed,,Middle of fieldwork,6 to 23 months old
Nepal,NP,NPL,524,Egg and/or flesh foods consumption (6-23months),2016,38.1,Female,Units,%,Reanalysed,,Middle of fieldwork,6 to 23 months old
Nepal,NP,NPL,524,Egg and/or flesh foods consumption (6-23months),2019,36.8,Female,Units,%,Reanalysed,,Middle of fieldwork,6 to 23 months old
Nepal,NP,NPL,524,Egg and/or flesh foods consumption (6-23months),2022,40.6,Female,Units,%,Reanalysed,,Middle of fieldwork,6 to 23 months old
Nepal,NP,NPL,524,Egg and/or flesh foods consumption (6-23months),2006,21.8,Male,Units,%,Reanalysed,,Middle of fieldwork,6 to 23 months old
Nepal,NP,NPL,524,Egg and/or flesh foods consumption (6-23months),2011,22.8,Male,Units,%,Reanalysed,,Middle of fieldwork,6 to 23 months old
Nepal,NP,NPL,524,Egg and/or flesh foods consumption (6-23months),2014,22.3,Male,Units,%,Reanalysed,,Middle of fieldwork,6 to 23 months old
Nepal,NP,NPL,524,Egg and/or flesh foods consumption (6-23months),2016,32.7,Male,Units,%,Reanalysed,,Middle of fieldwork,6 to 23 months old
Nepal,NP,NPL,524,Egg and/or flesh foods consumption (6-23months),2019,41.9,Male,Units,%,Reanalysed,,Middle of fieldwork,6 to 23 months old
Nepal,NP,NPL,524,Egg and/or flesh foods consumption (6-23months),2022,34.1,Male,Units,%,Reanalysed,,Middle of fieldwork,6 to 23 months old
Nepal,NP,NPL,524,Egg and/or flesh foods consumption (6-23months),2006,21.3,Total,Units,%,Reanalysed,,Middle of fieldwork,6 to 23 months old
Nepal,NP,NPL,524,Egg and/or flesh foods consumption (6-23months),2011,24.1,Total,Units,%,Reanalysed,,Middle of fieldwork,6 to 23 months old
Nepal,NP,NPL,524,Egg and/or flesh foods consumption (6-23months),2014,24.0,Total,Units,%,Reanalysed,,Middle of fieldwork,6 to 23 months old
Nepal,NP,NPL,524,Egg and/or flesh foods consumption (6-23months),2016,35.2,Total,Units,%,Reanalysed,,Middle of fieldwork,6 to 23 months old
Nepal,NP,NPL,524,Egg and/or flesh foods consumption (6-23months),2019,39.6,Total,Units,%,Reanalysed,,Middle of fieldwork,6 to 23 months old
Nepal,NP,NPL,524,Egg and/or flesh foods consumption (6-23months),2022,37.1,Total,Units,%,Reanalysed,,Middle of fieldwork,6 to 23 months old
Niger,NE,NER,562,Egg and/or flesh foods consumption (6-23months),2012,16.4,Female,Units,%,Reanalysed,,Middle of fieldwork,6 to 23 months old
Niger,NE,NER,562,Egg and/or flesh foods consumption (6-23months),2018,19.1,Female,Units,%,Reanalysed,,Middle of fieldwork,6 to 23 months old
Niger,NE,NER,562,Egg and/or flesh foods consumption (6-23months),2019,18.2,Female,Units,%,Reanalysed,,Middle of fieldwork,6 to 23 months old
Niger,NE,NER,562,Egg and/or flesh foods consumption (6-23months),2020,15.8,Female,Units,%,Reanalysed,,Middle of fieldwork,6 to 23 months old
Niger,NE,NER,562,Egg and/or flesh foods consumption (6-23months),2021,13.6,Female,Units,%,Reanalysed,,Middle of fieldwork,6 to 23 months old
Niger,NE,NER,562,Egg and/or flesh foods consumption (6-23months),2022,11.4,Female,Units,%,Reanalysed,,Middle of fieldwork,6 to 23 months old
Niger,NE,NER,562,Egg and/or flesh foods consumption (6-23months),2012,17.2,Male,Units,%,Reanalysed,,Middle of fieldwork,6 to 23 months old
Niger,NE,NER,562,Egg and/or flesh foods consumption (6-23months),2018,20.0,Male,Units,%,Reanalysed,,Middle of fieldwork,6 to 23 months old
Niger,NE,NER,562,Egg and/or flesh foods consumption (6-23months),2019,16.8,Male,Units,%,Reanalysed,,Middle of fieldwork,6 to 23 months old
Niger,NE,NER,562,Egg and/or flesh foods consumption (6-23months),2020,18.0,Male,Units,%,Reanalysed,,Middle of fieldwork,6 to 23 months old
Niger,NE,NER,562,Egg and/or flesh foods consumption (6-23months),2021,12.7,Male,Units,%,Reanalysed,,Middle of fieldwork,6 to 23 months old
Niger,NE,NER,562,Egg and/or flesh foods consumption (6-23months),2022,11.0,Male,Units,%,Reanalysed,,Middle of fieldwork,6 to 23 months old
Niger,NE,NER,562,Egg and/or flesh foods consumption (6-23months),2012,16.8,Total,Units,%,Reanalysed,,Middle of fieldwork,6 to 23 months old
Niger,NE,NER,562,Egg and/or flesh foods consumption (6-23months),2018,19.6,Total,Units,%,Reanalysed,,Middle of fieldwork,6 to 23 months old
Niger,NE,NER,562,Egg and/or flesh foods consumption (6-23months),2019,17.5,Total,Units,%,Reanalysed,,Middle of fieldwork,6 to 23 months old
Niger,NE,NER,562,Egg and/or flesh foods consumption (6-23months),2020,16.9,Total,Units,%,Reanalysed,,Middle of fieldwork,6 to 23 months old
Niger,NE,NER,562,Egg and/or flesh foods consumption (6-23months),2021,13.2,Total,Units,%,Reanalysed,,Middle of fieldwork,6 to 23 months old
Niger,NE,NER,562,Egg and/or flesh foods consumption (6-23months),2022,11.2,Total,Units,%,Reanalysed,,Middle of fieldwork,6 to 23 months old
Nigeria,NG,NGA,566,Egg and/or flesh foods consumption (6-23months),2008,53.8,Female,Units,%,Reanalysed,,Middle of fieldwork,6 to 23 months old
Nigeria,NG,NGA,566,Egg and/or flesh foods consumption (6-23months),2013,34.4,Female,Units,%,Reanalysed,,Middle of fieldwork,6 to 23 months old
Nigeria,NG,NGA,566,Egg and/or flesh foods consumption (6-23months),2016,41.3,Female,Units,%,Reanalysed,,Middle of fieldwork,6 to 23 months old
Nigeria,NG,NGA,566,Egg and/or flesh foods consumption (6-23months),2018,40.7,Female,Units,%,Reanalysed,,Middle of fieldwork,6 to 23 months old
Nigeria,NG,NGA,566,Egg and/or flesh foods consumption (6-23months),2021,45.5,Female,Units,%,Reanalysed,,Middle of fieldwork,6 to 23 months old
Nigeria,NG,NGA,566,Egg and/or flesh foods consumption (6-23months),2008,53.9,Male,Units,%,Reanalysed,,Middle of fieldwork,6 to 23 months old
Nigeria,NG,NGA,566,Egg and/or flesh foods consumption (6-23months),2013,35.0,Male,Units,%,Reanalysed,,Middle of fieldwork,6 to 23 months old
Nigeria,NG,NGA,566,Egg and/or flesh foods consumption (6-23months),2016,42.3,Male,Units,%,Reanalysed,,Middle of fieldwork,6 to 23 months old
Nigeria,NG,NGA,566,Egg and/or flesh foods consumption (6-23months),2018,41.9,Male,Units,%,Reanalysed,,Middle of fieldwork,6 to 23 months old
Nigeria,NG,NGA,566,Egg and/or flesh foods consumption (6-23months),2021,45.3,Male,Units,%,Reanalysed,,Middle of fieldwork,6 to 23 months old
Nigeria,NG,NGA,566,Egg and/or flesh foods consumption (6-23months),2008,53.9,Total,Units,%,Reanalysed,,Middle of fieldwork,6 to 23 months old
Nigeria,NG,NGA,566,Egg and/or flesh foods consumption (6-23months),2013,34.7,Total,Units,%,Reanalysed,,Middle of fieldwork,6 to 23 months old
Nigeria,NG,NGA,566,Egg and/or flesh foods consumption (6-23months),2016,41.8,Total,Units,%,Reanalysed,,Middle of fieldwork,6 to 23 months old
Nigeria,NG,NGA,566,Egg and/or flesh foods consumption (6-23months),2018,41.3,Total,Units,%,Reanalysed,,Middle of fieldwork,6 to 23 months old
Nigeria,NG,NGA,566,Egg and/or flesh foods consumption (6-23months),2021,45.4,Total,Units,%,Reanalysed,,Middle of fieldwork,6 to 23 months old
"Macedonia, the former Yugoslav Republic of",MK,MKD,807,Egg and/or flesh foods consumption (6-23months),2019,69.4,Female,Units,%,Reanalysed,,Middle of fieldwork,6 to 23 months old
"Macedonia, the former Yugoslav Republic of",MK,MKD,807,Egg and/or flesh foods consumption (6-23months),2019,58.0,Male,Units,%,Reanalysed,,Middle of fieldwork,6 to 23 months old
"Macedonia, the former Yugoslav Republic of",MK,MKD,807,Egg and/or flesh foods consumption (6-23months),2019,63.4,Total,Units,%,Reanalysed,,Middle of fieldwork,6 to 23 months old
Pakistan,PK,PAK,586,Egg and/or flesh foods consumption (6-23months),2013,33.9,Female,Units,%,Reanalysed,,Middle of fieldwork,6 to 23 months old
Pakistan,PK,PAK,586,Egg and/or flesh foods consumption (6-23months),2018,39.4,Female,Units,%,Reanalysed,,Middle of fieldwork,6 to 23 months old
Pakistan,PK,PAK,586,Egg and/or flesh foods consumption (6-23months),2013,35.2,Male,Units,%,Reanalysed,,Middle of fieldwork,6 to 23 months old
Pakistan,PK,PAK,586,Egg and/or flesh foods consumption (6-23months),2018,36.9,Male,Units,%,Reanalysed,,Middle of fieldwork,6 to 23 months old
Pakistan,PK,PAK,586,Egg and/or flesh foods consumption (6-23months),2013,34.6,Total,Units,%,Reanalysed,,Middle of fieldwork,6 to 23 months old
Pakistan,PK,PAK,586,Egg and/or flesh foods consumption (6-23months),2018,38.1,Total,Units,%,Reanalysed,,Middle of fieldwork,6 to 23 months old
Papua New Guinea,PG,PNG,598,Egg and/or flesh foods consumption (6-23months),2017,39.1,Female,Units,%,Reanalysed,,Middle of fieldwork,6 to 23 months old
Papua New Guinea,PG,PNG,598,Egg and/or flesh foods consumption (6-23months),2017,42.5,Male,Units,%,Reanalysed,,Middle of fieldwork,6 to 23 months old
Papua New Guinea,PG,PNG,598,Egg and/or flesh foods consumption (6-23months),2017,40.9,Total,Units,%,Reanalysed,,Middle of fieldwork,6 to 23 months old
Paraguay,PY,PRY,600,Egg and/or flesh foods consumption (6-23months),2016,72.8,Female,Units,%,Reanalysed,,Middle of fieldwork,6 to 23 months old
Paraguay,PY,PRY,600,Egg and/or flesh foods consumption (6-23months),2016,74.4,Male,Units,%,Reanalysed,,Middle of fieldwork,6 to 23 months old
Paraguay,PY,PRY,600,Egg and/or flesh foods consumption (6-23months),2016,73.6,Total,Units,%,Reanalysed,,Middle of fieldwork,6 to 23 months old
Peru,PE,PER,604,Egg and/or flesh foods consumption (6-23months),2007,80.3,Female,Units,%,Reanalysed,,Middle of fieldwork,6 to 23 months old
Peru,PE,PER,604,Egg and/or flesh foods consumption (6-23months),2009,81.5,Female,Units,%,Reanalysed,,Middle of fieldwork,6 to 23 months old
Peru,PE,PER,604,Egg and/or flesh foods consumption (6-23months),2010,86.0,Female,Units,%,Reanalysed,,Middle of fieldwork,6 to 23 months old
Peru,PE,PER,604,Egg and/or flesh foods consumption (6-23months),2011,85.4,Female,Units,%,Reanalysed,,Middle of fieldwork,6 to 23 months old
Peru,PE,PER,604,Egg and/or flesh foods consumption (6-23months),2012,84.0,Female,Units,%,Reanalysed,,Middle of fieldwork,6 to 23 months old
Peru,PE,PER,604,Egg and/or flesh foods consumption (6-23months),2014,88.9,Female,Units,%,Reanalysed,,Middle of fieldwork,6 to 23 months old
Peru,PE,PER,604,Egg and/or flesh foods consumption (6-23months),2015,89.7,Female,Units,%,Reanalysed,,Middle of fieldwork,6 to 23 months old
Peru,PE,PER,604,Egg and/or flesh foods consumption (6-23months),2016,90.3,Female,Units,%,Reanalysed,,Middle of fieldwork,6 to 23 months old
Peru,PE,PER,604,Egg and/or flesh foods consumption (6-23months),2017,90.2,Female,Units,%,Reanalysed,,Middle of fieldwork,6 to 23 months old
Peru,PE,PER,604,Egg and/or flesh foods consumption (6-23months),2018,91.7,Female,Units,%,Reanalysed,,Middle of fieldwork,6 to 23 months old
Peru,PE,PER,604,Egg and/or flesh foods consumption (6-23months),2019,92.2,Female,Units,%,Reanalysed,,Middle of fieldwork,6 to 23 months old
Peru,PE,PER,604,Egg and/or flesh foods consumption (6-23months),2020,90.6,Female,Units,%,Reanalysed,,Middle of fieldwork,6 to 23 months old
Peru,PE,PER,604,Egg and/or flesh foods consumption (6-23months),2021,89.7,Female,Units,%,Reanalysed,,Middle of fieldwork,6 to 23 months old
Peru,PE,PER,604,Egg and/or flesh foods consumption (6-23months),2022,90.7,Female,Units,%,Reanalysed,,Middle of fieldwork,6 to 23 months old
Peru,PE,PER,604,Egg and/or flesh foods consumption (6-23months),2023,92.4,Female,Units,%,Reanalysed,,Middle of fieldwork,6 to 23 months old
Peru,PE,PER,604,Egg and/or flesh foods consumption (6-23months),2007,82.1,Male,Units,%,Reanalysed,,Middle of fieldwork,6 to 23 months old
Peru,PE,PER,604,Egg and/or flesh foods consumption (6-23months),2009,83.8,Male,Units,%,Reanalysed,,Middle of fieldwork,6 to 23 months old
Peru,PE,PER,604,Egg and/or flesh foods consumption (6-23months),2010,84.7,Male,Units,%,Reanalysed,,Middle of fieldwork,6 to 23 months old
Peru,PE,PER,604,Egg and/or flesh foods consumption (6-23months),2011,84.2,Male,Units,%,Reanalysed,,Middle of fieldwork,6 to 23 months old
Peru,PE,PER,604,Egg and/or flesh foods consumption (6-23months),2012,87.4,Male,Units,%,Reanalysed,,Middle of fieldwork,6 to 23 months old
Peru,PE,PER,604,Egg and/or flesh foods consumption (6-23months),2014,87.8,Male,Units,%,Reanalysed,,Middle of fieldwork,6 to 23 months old
Peru,PE,PER,604,Egg and/or flesh foods consumption (6-23months),2015,89.7,Male,Units,%,Reanalysed,,Middle of fieldwork,6 to 23 months old
Peru,PE,PER,604,Egg and/or flesh foods consumption (6-23months),2016,88.8,Male,Units,%,Reanalysed,,Middle of fieldwork,6 to 23 months old
Peru,PE,PER,604,Egg and/or flesh foods consumption (6-23months),2017,90.0,Male,Units,%,Reanalysed,,Middle of fieldwork,6 to 23 months old
Peru,PE,PER,604,Egg and/or flesh foods consumption (6-23months),2018,90.0,Male,Units,%,Reanalysed,,Middle of fieldwork,6 to 23 months old
Peru,PE,PER,604,Egg and/or flesh foods consumption (6-23months),2019,91.1,Male,Units,%,Reanalysed,,Middle of fieldwork,6 to 23 months old
Peru,PE,PER,604,Egg and/or flesh foods consumption (6-23months),2020,91.3,Male,Units,%,Reanalysed,,Middle of fieldwork,6 to 23 months old
Peru,PE,PER,604,Egg and/or flesh foods consumption (6-23months),2021,90.2,Male,Units,%,Reanalysed,,Middle of fieldwork,6 to 23 months old
Peru,PE,PER,604,Egg and/or flesh foods consumption (6-23months),2022,90.1,Male,Units,%,Reanalysed,,Middle of fieldwork,6 to 23 months old
Peru,PE,PER,604,Egg and/or flesh foods consumption (6-23months),2023,90.7,Male,Units,%,Reanalysed,,Middle of fieldwork,6 to 23 months old
Peru,PE,PER,604,Egg and/or flesh foods consumption (6-23months),2007,81.2,Total,Units,%,Reanalysed,,Middle of fieldwork,6 to 23 months old
Peru,PE,PER,604,Egg and/or flesh foods consumption (6-23months),2009,82.7,Total,Units,%,Reanalysed,,Middle of fieldwork,6 to 23 months old
Peru,PE,PER,604,Egg and/or flesh foods consumption (6-23months),2010,85.4,Total,Units,%,Reanalysed,,Middle of fieldwork,6 to 23 months old
Peru,PE,PER,604,Egg and/or flesh foods consumption (6-23months),2011,84.8,Total,Units,%,Reanalysed,,Middle of fieldwork,6 to 23 months old
Peru,PE,PER,604,Egg and/or flesh foods consumption (6-23months),2012,85.7,Total,Units,%,Reanalysed,,Middle of fieldwork,6 to 23 months old
Peru,PE,PER,604,Egg and/or flesh foods consumption (6-23months),2014,88.3,Total,Units,%,Reanalysed,,Middle of fieldwork,6 to 23 months old
Peru,PE,PER,604,Egg and/or flesh foods consumption (6-23months),2015,89.7,Total,Units,%,Reanalysed,,Middle of fieldwork,6 to 23 months old
Peru,PE,PER,604,Egg and/or flesh foods consumption (6-23months),2016,89.5,Total,Units,%,Reanalysed,,Middle of fieldwork,6 to 23 months old
Peru,PE,PER,604,Egg and/or flesh foods consumption (6-23months),2017,90.1,Total,Units,%,Reanalysed,,Middle of fieldwork,6 to 23 months old
Peru,PE,PER,604,Egg and/or flesh foods consumption (6-23months),2018,90.8,Total,Units,%,Reanalysed,,Middle of fieldwork,6 to 23 months old
Peru,PE,PER,604,Egg and/or flesh foods consumption (6-23months),2019,91.7,Total,Units,%,Reanalysed,,Middle of fieldwork,6 to 23 months old
Peru,PE,PER,604,Egg and/or flesh foods consumption (6-23months),2020,90.9,Total,Units,%,Reanalysed,,Middle of fieldwork,6 to 23 months old
Peru,PE,PER,604,Egg and/or flesh foods consumption (6-23months),2021,89.9,Total,Units,%,Reanalysed,,Middle of fieldwork,6 to 23 months old
Peru,PE,PER,604,Egg and/or flesh foods consumption (6-23months),2022,90.4,Total,Units,%,Reanalysed,,Middle of fieldwork,6 to 23 months old
Peru,PE,PER,604,Egg and/or flesh foods consumption (6-23months),2023,91.6,Total,Units,%,Reanalysed,,Middle of fieldwork,6 to 23 months old
Philippines,PH,PHL,608,Egg and/or flesh foods consumption (6-23months),2008,74.9,Female,Units,%,Reanalysed,,Middle of fieldwork,6 to 23 months old
Philippines,PH,PHL,608,Egg and/or flesh foods consumption (6-23months),2022,64.7,Female,Units,%,Reanalysed,,Middle of fieldwork,6 to 23 months old
Philippines,PH,PHL,608,Egg and/or flesh foods consumption (6-23months),2008,75.5,Male,Units,%,Reanalysed,,Middle of fieldwork,6 to 23 months old
Philippines,PH,PHL,608,Egg and/or flesh foods consumption (6-23months),2022,60.3,Male,Units,%,Reanalysed,,Middle of fieldwork,6 to 23 months old
Philippines,PH,PHL,608,Egg and/or flesh foods consumption (6-23months),2008,75.2,Total,Units,%,Reanalysed,,Middle of fieldwork,6 to 23 months old
Philippines,PH,PHL,608,Egg and/or flesh foods consumption (6-23months),2022,62.5,Total,Units,%,Reanalysed,,Middle of fieldwork,6 to 23 months old
"Moldova, Republic of",MD,MDA,498,Egg and/or flesh foods consumption (6-23months),2005,74.7,Female,Units,%,Reanalysed,,Middle of fieldwork,6 to 23 months old
"Moldova, Republic of",MD,MDA,498,Egg and/or flesh foods consumption (6-23months),2005,76.6,Male,Units,%,Reanalysed,,Middle of fieldwork,6 to 23 months old
"Moldova, Republic of",MD,MDA,498,Egg and/or flesh foods consumption (6-23months),2005,75.7,Total,Units,%,Reanalysed,,Middle of fieldwork,6 to 23 months old
Rwanda,RW,RWA,646,Egg and/or flesh foods consumption (6-23months),2010,21.0,Female,Units,%,Reanalysed,,Middle of fieldwork,6 to 23 months old
Rwanda,RW,RWA,646,Egg and/or flesh foods consumption (6-23months),2015,19.8,Female,Units,%,Reanalysed,,Middle of fieldwork,6 to 23 months old
Rwanda,RW,RWA,646,Egg and/or flesh foods consumption (6-23months),2018,17.7,Female,Units,%,Reanalysed,,Middle of fieldwork,6 to 23 months old
Rwanda,RW,RWA,646,Egg and/or flesh foods consumption (6-23months),2020,22.4,Female,Units,%,Reanalysed,,Middle of fieldwork,6 to 23 months old
Rwanda,RW,RWA,646,Egg and/or flesh foods consumption (6-23months),2010,19.1,Male,Units,%,Reanalysed,,Middle of fieldwork,6 to 23 months old
Rwanda,RW,RWA,646,Egg and/or flesh foods consumption (6-23months),2015,20.7,Male,Units,%,Reanalysed,,Middle of fieldwork,6 to 23 months old
Rwanda,RW,RWA,646,Egg and/or flesh foods consumption (6-23months),2018,17.3,Male,Units,%,Reanalysed,,Middle of fieldwork,6 to 23 months old
Rwanda,RW,RWA,646,Egg and/or flesh foods consumption (6-23months),2020,24.9,Male,Units,%,Reanalysed,,Middle of fieldwork,6 to 23 months old
Rwanda,RW,RWA,646,Egg and/or flesh foods consumption (6-23months),2010,20.1,Total,Units,%,Reanalysed,,Middle of fieldwork,6 to 23 months old
Rwanda,RW,RWA,646,Egg and/or flesh foods consumption (6-23months),2015,20.3,Total,Units,%,Reanalysed,,Middle of fieldwork,6 to 23 months old
Rwanda,RW,RWA,646,Egg and/or flesh foods consumption (6-23months),2018,17.5,Total,Units,%,Reanalysed,,Middle of fieldwork,6 to 23 months old
Rwanda,RW,RWA,646,Egg and/or flesh foods consumption (6-23months),2020,23.6,Total,Units,%,Reanalysed,,Middle of fieldwork,6 to 23 months old
Samoa,WS,WSM,882,Egg and/or flesh foods consumption (6-23months),2019,51.0,Female,Units,%,Reanalysed,,Middle of fieldwork,6 to 23 months old
Samoa,WS,WSM,882,Egg and/or flesh foods consumption (6-23months),2019,55.3,Male,Units,%,Reanalysed,,Middle of fieldwork,6 to 23 months old
Samoa,WS,WSM,882,Egg and/or flesh foods consumption (6-23months),2019,53.2,Total,Units,%,Reanalysed,,Middle of fieldwork,6 to 23 months old
Sao Tome and Principe,ST,STP,678,Egg and/or flesh foods consumption (6-23months),2008,77.9,Female,Units,%,Reanalysed,,Middle of fieldwork,6 to 23 months old
Sao Tome and Principe,ST,STP,678,Egg and/or flesh foods consumption (6-23months),2014,74.1,Female,Units,%,Reanalysed,,Middle of fieldwork,6 to 23 months old
Sao Tome and Principe,ST,STP,678,Egg and/or flesh foods consumption (6-23months),2019,61.1,Female,Units,%,Reanalysed,,Middle of fieldwork,6 to 23 months old
Sao Tome and Principe,ST,STP,678,Egg and/or flesh foods consumption (6-23months),2008,80.9,Male,Units,%,Reanalysed,,Middle of fieldwork,6 to 23 months old
Sao Tome and Principe,ST,STP,678,Egg and/or flesh foods consumption (6-23months),2014,73.5,Male,Units,%,Reanalysed,,Middle of fieldwork,6 to 23 months old
Sao Tome and Principe,ST,STP,678,Egg and/or flesh foods consumption (6-23months),2019,72.4,Male,Units,%,Reanalysed,,Middle of fieldwork,6 to 23 months old
Sao Tome and Principe,ST,STP,678,Egg and/or flesh foods consumption (6-23months),2008,79.5,Total,Units,%,Reanalysed,,Middle of fieldwork,6 to 23 months old
Sao Tome and Principe,ST,STP,678,Egg and/or flesh foods consumption (6-23months),2014,73.8,Total,Units,%,Reanalysed,,Middle of fieldwork,6 to 23 months old
Sao Tome and Principe,ST,STP,678,Egg and/or flesh foods consumption (6-23months),2019,66.9,Total,Units,%,Reanalysed,,Middle of fieldwork,6 to 23 months old
Senegal,SN,SEN,686,Egg and/or flesh foods consumption (6-23months),2011,48.0,Female,Units,%,Reanalysed,,Middle of fieldwork,6 to 23 months old
Senegal,SN,SEN,686,Egg and/or flesh foods consumption (6-23months),2013,48.0,Female,Units,%,Reanalysed,,Middle of fieldwork,6 to 23 months old
Senegal,SN,SEN,686,Egg and/or flesh foods consumption (6-23months),2014,50.4,Female,Units,%,Reanalysed,,Middle of fieldwork,6 to 23 months old
Senegal,SN,SEN,686,Egg and/or flesh foods consumption (6-23months),2015,46.3,Female,Units,%,Reanalysed,,Middle of fieldwork,6 to 23 months old
Senegal,SN,SEN,686,Egg and/or flesh foods consumption (6-23months),2016,39.0,Female,Units,%,Reanalysed,,Middle of fieldwork,6 to 23 months old
Senegal,SN,SEN,686,Egg and/or flesh foods consumption (6-23months),2017,41.4,Female,Units,%,Reanalysed,,Middle of fieldwork,6 to 23 months old
Senegal,SN,SEN,686,Egg and/or flesh foods consumption (6-23months),2018,46.0,Female,Units,%,Reanalysed,,Middle of fieldwork,6 to 23 months old
Senegal,SN,SEN,686,Egg and/or flesh foods consumption (6-23months),2019,47.1,Female,Units,%,Reanalysed,,Middle of fieldwork,6 to 23 months old
Senegal,SN,SEN,686,Egg and/or flesh foods consumption (6-23months),2023,45.2,Female,Units,%,Reanalysed,,Middle of fieldwork,6 to 23 months old
Senegal,SN,SEN,686,Egg and/or flesh foods consumption (6-23months),2011,47.6,Male,Units,%,Reanalysed,,Middle of fieldwork,6 to 23 months old
Senegal,SN,SEN,686,Egg and/or flesh foods consumption (6-23months),2013,42.0,Male,Units,%,Reanalysed,,Middle of fieldwork,6 to 23 months old
Senegal,SN,SEN,686,Egg and/or flesh foods consumption (6-23months),2014,46.9,Male,Units,%,Reanalysed,,Middle of fieldwork,6 to 23 months old
Senegal,SN,SEN,686,Egg and/or flesh foods consumption (6-23months),2015,45.3,Male,Units,%,Reanalysed,,Middle of fieldwork,6 to 23 months old
Senegal,SN,SEN,686,Egg and/or flesh foods consumption (6-23months),2016,39.3,Male,Units,%,Reanalysed,,Middle of fieldwork,6 to 23 months old
Senegal,SN,SEN,686,Egg and/or flesh foods consumption (6-23months),2017,43.8,Male,Units,%,Reanalysed,,Middle of fieldwork,6 to 23 months old
Senegal,SN,SEN,686,Egg and/or flesh foods consumption (6-23months),2018,45.8,Male,Units,%,Reanalysed,,Middle of fieldwork,6 to 23 months old
Senegal,SN,SEN,686,Egg and/or flesh foods consumption (6-23months),2019,44.5,Male,Units,%,Reanalysed,,Middle of fieldwork,6 to 23 months old
Senegal,SN,SEN,686,Egg and/or flesh foods consumption (6-23months),2023,44.6,Male,Units,%,Reanalysed,,Middle of fieldwork,6 to 23 months old
Senegal,SN,SEN,686,Egg and/or flesh foods consumption (6-23months),2011,47.8,Total,Units,%,Reanalysed,,Middle of fieldwork,6 to 23 months old
Senegal,SN,SEN,686,Egg and/or flesh foods consumption (6-23months),2013,45.1,Total,Units,%,Reanalysed,,Middle of fieldwork,6 to 23 months old
Senegal,SN,SEN,686,Egg and/or flesh foods consumption (6-23months),2014,48.7,Total,Units,%,Reanalysed,,Middle of fieldwork,6 to 23 months old
Senegal,SN,SEN,686,Egg and/or flesh foods consumption (6-23months),2015,45.8,Total,Units,%,Reanalysed,,Middle of fieldwork,6 to 23 months old
Senegal,SN,SEN,686,Egg and/or flesh foods consumption (6-23months),2016,39.1,Total,Units,%,Reanalysed,,Middle of fieldwork,6 to 23 months old
Senegal,SN,SEN,686,Egg and/or flesh foods consumption (6-23months),2017,42.6,Total,Units,%,Reanalysed,,Middle of fieldwork,6 to 23 months old
Senegal,SN,SEN,686,Egg and/or flesh foods consumption (6-23months),2018,45.9,Total,Units,%,Reanalysed,,Middle of fieldwork,6 to 23 months old
Senegal,SN,SEN,686,Egg and/or flesh foods consumption (6-23months),2019,45.8,Total,Units,%,Reanalysed,,Middle of fieldwork,6 to 23 months old
Senegal,SN,SEN,686,Egg and/or flesh foods consumption (6-23months),2023,44.9,Total,Units,%,Reanalysed,,Middle of fieldwork,6 to 23 months old
Serbia,RS,SRB,688,Egg and/or flesh foods consumption (6-23months),2014,85.7,Female,Units,%,Reanalysed,,Middle of fieldwork,6 to 23 months old
Serbia,RS,SRB,688,Egg and/or flesh foods consumption (6-23months),2019,90.2,Female,Units,%,Reanalysed,,Middle of fieldwork,6 to 23 months old
Serbia,RS,SRB,688,Egg and/or flesh foods consumption (6-23months),2014,90.7,Male,Units,%,Reanalysed,,Middle of fieldwork,6 to 23 months old
Serbia,RS,SRB,688,Egg and/or flesh foods consumption (6-23months),2019,92.2,Male,Units,%,Reanalysed,,Middle of fieldwork,6 to 23 months old
Serbia,RS,SRB,688,Egg and/or flesh foods consumption (6-23months),2014,88.3,Total,Units,%,Reanalysed,,Middle of fieldwork,6 to 23 months old
Serbia,RS,SRB,688,Egg and/or flesh foods consumption (6-23months),2019,91.4,Total,Units,%,Reanalysed,,Middle of fieldwork,6 to 23 months old
Sierra Leone,SL,SLE,694,Egg and/or flesh foods consumption (6-23months),2008,51.1,Female,Units,%,Reanalysed,,Middle of fieldwork,6 to 23 months old
Sierra Leone,SL,SLE,694,Egg and/or flesh foods consumption (6-23months),2013,32.7,Female,Units,%,Reanalysed,,Middle of fieldwork,6 to 23 months old
Sierra Leone,SL,SLE,694,Egg and/or flesh foods consumption (6-23months),2017,47.8,Female,Units,%,Reanalysed,,Middle of fieldwork,6 to 23 months old
Sierra Leone,SL,SLE,694,Egg and/or flesh foods consumption (6-23months),2019,54.2,Female,Units,%,Reanalysed,,Middle of fieldwork,6 to 23 months old
Sierra Leone,SL,SLE,694,Egg and/or flesh foods consumption (6-23months),2021,45.3,Female,Units,%,Reanalysed,,Middle of fieldwork,6 to 23 months old
Sierra Leone,SL,SLE,694,Egg and/or flesh foods consumption (6-23months),2008,50.9,Male,Units,%,Reanalysed,,Middle of fieldwork,6 to 23 months old
Sierra Leone,SL,SLE,694,Egg and/or flesh foods consumption (6-23months),2013,31.1,Male,Units,%,Reanalysed,,Middle of fieldwork,6 to 23 months old
Sierra Leone,SL,SLE,694,Egg and/or flesh foods consumption (6-23months),2017,44.5,Male,Units,%,Reanalysed,,Middle of fieldwork,6 to 23 months old
Sierra Leone,SL,SLE,694,Egg and/or flesh foods consumption (6-23months),2019,52.6,Male,Units,%,Reanalysed,,Middle of fieldwork,6 to 23 months old
Sierra Leone,SL,SLE,694,Egg and/or flesh foods consumption (6-23months),2021,41.5,Male,Units,%,Reanalysed,,Middle of fieldwork,6 to 23 months old
Sierra Leone,SL,SLE,694,Egg and/or flesh foods consumption (6-23months),2008,51.0,Total,Units,%,Reanalysed,,Middle of fieldwork,6 to 23 months old
Sierra Leone,SL,SLE,694,Egg and/or flesh foods consumption (6-23months),2013,31.9,Total,Units,%,Reanalysed,,Middle of fieldwork,6 to 23 months old
Sierra Leone,SL,SLE,694,Egg and/or flesh foods consumption (6-23months),2017,46.1,Total,Units,%,Reanalysed,,Middle of fieldwork,6 to 23 months old
Sierra Leone,SL,SLE,694,Egg and/or flesh foods consumption (6-23months),2019,53.4,Total,Units,%,Reanalysed,,Middle of fieldwork,6 to 23 months old
Sierra Leone,SL,SLE,694,Egg and/or flesh foods consumption (6-23months),2021,43.5,Total,Units,%,Reanalysed,,Middle of fieldwork,6 to 23 months old
Somalia,SO,SOM,706,Egg and/or flesh foods consumption (6-23months),2018,22.0,Female,Units,%,Reanalysed,,Middle of fieldwork,6 to 23 months old
Somalia,SO,SOM,706,Egg and/or flesh foods consumption (6-23months),2018,22.8,Male,Units,%,Reanalysed,,Middle of fieldwork,6 to 23 months old
Somalia,SO,SOM,706,Egg and/or flesh foods consumption (6-23months),2018,22.4,Total,Units,%,Reanalysed,,Middle of fieldwork,6 to 23 months old
South Africa,ZA,ZAF,710,Egg and/or flesh foods consumption (6-23months),2016,63.1,Female,Units,%,Reanalysed,,Middle of fieldwork,6 to 23 months old
South Africa,ZA,ZAF,710,Egg and/or flesh foods consumption (6-23months),2016,59.2,Male,Units,%,Reanalysed,,Middle of fieldwork,6 to 23 months old
South Africa,ZA,ZAF,710,Egg and/or flesh foods consumption (6-23months),2016,61.1,Total,Units,%,Reanalysed,,Middle of fieldwork,6 to 23 months old
Sri Lanka,LK,LKA,144,Egg and/or flesh foods consumption (6-23months),2016,77.4,Female,Units,%,Reanalysed,,Middle of fieldwork,6 to 23 months old
Sri Lanka,LK,LKA,144,Egg and/or flesh foods consumption (6-23months),2016,77.6,Male,Units,%,Reanalysed,,Middle of fieldwork,6 to 23 months old
Sri Lanka,LK,LKA,144,Egg and/or flesh foods consumption (6-23months),2016,77.5,Total,Units,%,Reanalysed,,Middle of fieldwork,6 to 23 months old
"Palestinian Territory, Occupied",PS,PSE,275,Egg and/or flesh foods consumption (6-23months),2014,66.5,Female,Units,%,Reanalysed,,Middle of fieldwork,6 to 23 months old
"Palestinian Territory, Occupied",PS,PSE,275,Egg and/or flesh foods consumption (6-23months),2020,64.9,Female,Units,%,Reanalysed,,Middle of fieldwork,6 to 23 months old
"Palestinian Territory, Occupied",PS,PSE,275,Egg and/or flesh foods consumption (6-23months),2014,65.9,Male,Units,%,Reanalysed,,Middle of fieldwork,6 to 23 months old
"Palestinian Territory, Occupied",PS,PSE,275,Egg and/or flesh foods consumption (6-23months),2020,66.1,Male,Units,%,Reanalysed,,Middle of fieldwork,6 to 23 months old
"Palestinian Territory, Occupied",PS,PSE,275,Egg and/or flesh foods consumption (6-23months),2014,66.2,Total,Units,%,Reanalysed,,Middle of fieldwork,6 to 23 months old
"Palestinian Territory, Occupied",PS,PSE,275,Egg and/or flesh foods consumption (6-23months),2020,65.5,Total,Units,%,Reanalysed,,Middle of fieldwork,6 to 23 months old
Sudan,SD,SDN,736,Egg and/or flesh foods consumption (6-23months),2014,39.2,Female,Units,%,Reanalysed,,Middle of fieldwork,6 to 23 months old
Sudan,SD,SDN,736,Egg and/or flesh foods consumption (6-23months),2014,39.2,Male,Units,%,Reanalysed,,Middle of fieldwork,6 to 23 months old
Sudan,SD,SDN,736,Egg and/or flesh foods consumption (6-23months),2014,39.2,Total,Units,%,Reanalysed,,Middle of fieldwork,6 to 23 months old
Suriname,SR,SUR,740,Egg and/or flesh foods consumption (6-23months),2018,45.9,Female,Units,%,Reanalysed,,Middle of fieldwork,6 to 23 months old
Suriname,SR,SUR,740,Egg and/or flesh foods consumption (6-23months),2018,45.1,Male,Units,%,Reanalysed,,Middle of fieldwork,6 to 23 months old
Suriname,SR,SUR,740,Egg and/or flesh foods consumption (6-23months),2018,45.5,Total,Units,%,Reanalysed,,Middle of fieldwork,6 to 23 months old
Tajikistan,TJ,TJK,762,Egg and/or flesh foods consumption (6-23months),2012,45.2,Female,Units,%,Reanalysed,,Middle of fieldwork,6 to 23 months old
Tajikistan,TJ,TJK,762,Egg and/or flesh foods consumption (6-23months),2017,36.4,Female,Units,%,Reanalysed,,Middle of fieldwork,6 to 23 months old
Tajikistan,TJ,TJK,762,Egg and/or flesh foods consumption (6-23months),2012,41.7,Male,Units,%,Reanalysed,,Middle of fieldwork,6 to 23 months old
Tajikistan,TJ,TJK,762,Egg and/or flesh foods consumption (6-23months),2017,39.0,Male,Units,%,Reanalysed,,Middle of fieldwork,6 to 23 months old
Tajikistan,TJ,TJK,762,Egg and/or flesh foods consumption (6-23months),2012,43.4,Total,Units,%,Reanalysed,,Middle of fieldwork,6 to 23 months old
Tajikistan,TJ,TJK,762,Egg and/or flesh foods consumption (6-23months),2017,37.8,Total,Units,%,Reanalysed,,Middle of fieldwork,6 to 23 months old
Thailand,TH,THA,764,Egg and/or flesh foods consumption (6-23months),2016,87.0,Female,Units,%,Reanalysed,,Middle of fieldwork,6 to 23 months old
Thailand,TH,THA,764,Egg and/or flesh foods consumption (6-23months),2019,89.2,Female,Units,%,Reanalysed,,Middle of fieldwork,6 to 23 months old
Thailand,TH,THA,764,Egg and/or flesh foods consumption (6-23months),2022,88.6,Female,Units,%,Reanalysed,,Middle of fieldwork,6 to 23 months old
Thailand,TH,THA,764,Egg and/or flesh foods consumption (6-23months),2016,87.4,Male,Units,%,Reanalysed,,Middle of fieldwork,6 to 23 months old
Thailand,TH,THA,764,Egg and/or flesh foods consumption (6-23months),2019,90.7,Male,Units,%,Reanalysed,,Middle of fieldwork,6 to 23 months old
Thailand,TH,THA,764,Egg and/or flesh foods consumption (6-23months),2022,88.1,Male,Units,%,Reanalysed,,Middle of fieldwork,6 to 23 months old
Thailand,TH,THA,764,Egg and/or flesh foods consumption (6-23months),2016,87.3,Total,Units,%,Reanalysed,,Middle of fieldwork,6 to 23 months old
Thailand,TH,THA,764,Egg and/or flesh foods consumption (6-23months),2019,90.0,Total,Units,%,Reanalysed,,Middle of fieldwork,6 to 23 months old
Thailand,TH,THA,764,Egg and/or flesh foods consumption (6-23months),2022,88.3,Total,Units,%,Reanalysed,,Middle of fieldwork,6 to 23 months old
Timor-Leste,TL,TLS,626,Egg and/or flesh foods consumption (6-23months),2009,49.4,Female,Units,%,Reanalysed,,Middle of fieldwork,6 to 23 months old
Timor-Leste,TL,TLS,626,Egg and/or flesh foods consumption (6-23months),2016,45.8,Female,Units,%,Reanalysed,,Middle of fieldwork,6 to 23 months old
Timor-Leste,TL,TLS,626,Egg and/or flesh foods consumption (6-23months),2020,49.7,Female,Units,%,Reanalysed,,Middle of fieldwork,6 to 23 months old
Timor-Leste,TL,TLS,626,Egg and/or flesh foods consumption (6-23months),2009,47.1,Male,Units,%,Reanalysed,,Middle of fieldwork,6 to 23 months old
Timor-Leste,TL,TLS,626,Egg and/or flesh foods consumption (6-23months),2016,46.6,Male,Units,%,Reanalysed,,Middle of fieldwork,6 to 23 months old
Timor-Leste,TL,TLS,626,Egg and/or flesh foods consumption (6-23months),2020,49.4,Male,Units,%,Reanalysed,,Middle of fieldwork,6 to 23 months old
Timor-Leste,TL,TLS,626,Egg and/or flesh foods consumption (6-23months),2009,48.2,Total,Units,%,Reanalysed,,Middle of fieldwork,6 to 23 months old
Timor-Leste,TL,TLS,626,Egg and/or flesh foods consumption (6-23months),2016,46.2,Total,Units,%,Reanalysed,,Middle of fieldwork,6 to 23 months old
Timor-Leste,TL,TLS,626,Egg and/or flesh foods consumption (6-23months),2020,49.5,Total,Units,%,Reanalysed,,Middle of fieldwork,6 to 23 months old
Togo,TG,TGO,768,Egg and/or flesh foods consumption (6-23months),2014,57.0,Female,Units,%,Reanalysed,,Middle of fieldwork,6 to 23 months old
Togo,TG,TGO,768,Egg and/or flesh foods consumption (6-23months),2017,60.2,Female,Units,%,Reanalysed,,Middle of fieldwork,6 to 23 months old
Togo,TG,TGO,768,Egg and/or flesh foods consumption (6-23months),2014,57.6,Male,Units,%,Reanalysed,,Middle of fieldwork,6 to 23 months old
Togo,TG,TGO,768,Egg and/or flesh foods consumption (6-23months),2017,61.3,Male,Units,%,Reanalysed,,Middle of fieldwork,6 to 23 months old
Togo,TG,TGO,768,Egg and/or flesh foods consumption (6-23months),2014,57.3,Total,Units,%,Reanalysed,,Middle of fieldwork,6 to 23 months old
Togo,TG,TGO,768,Egg and/or flesh foods consumption (6-23months),2017,60.7,Total,Units,%,Reanalysed,,Middle of fieldwork,6 to 23 months old
Tonga,TO,TON,776,Egg and/or flesh foods consumption (6-23months),2019,73.9,Female,Units,%,Reanalysed,,Middle of fieldwork,6 to 23 months old
Tonga,TO,TON,776,Egg and/or flesh foods consumption (6-23months),2019,78.0,Male,Units,%,Reanalysed,,Middle of fieldwork,6 to 23 months old
Tonga,TO,TON,776,Egg and/or flesh foods consumption (6-23months),2019,75.8,Total,Units,%,Reanalysed,,Middle of fieldwork,6 to 23 months old
Trinidad and Tobago,TT,TTO,780,Egg and/or flesh foods consumption (6-23months),2022,55.8,Female,Units,%,Reanalysed,,Middle of fieldwork,6 to 23 months old
Trinidad and Tobago,TT,TTO,780,Egg and/or flesh foods consumption (6-23months),2022,46.3,Male,Units,%,Reanalysed,,Middle of fieldwork,6 to 23 months old
Trinidad and Tobago,TT,TTO,780,Egg and/or flesh foods consumption (6-23months),2022,51.1,Total,Units,%,Reanalysed,,Middle of fieldwork,6 to 23 months old
Tunisia,TN,TUN,788,Egg and/or flesh foods consumption (6-23months),2018,75.6,Female,Units,%,Reanalysed,,Middle of fieldwork,6 to 23 months old
Tunisia,TN,TUN,788,Egg and/or flesh foods consumption (6-23months),2018,78.4,Male,Units,%,Reanalysed,,Middle of fieldwork,6 to 23 months old
Tunisia,TN,TUN,788,Egg and/or flesh foods consumption (6-23months),2018,77.1,Total,Units,%,Reanalysed,,Middle of fieldwork,6 to 23 months old
Turkmenistan,TM,TKM,795,Egg and/or flesh foods consumption (6-23months),2015,84.5,Female,Units,%,Reanalysed,,Middle of fieldwork,6 to 23 months old
Turkmenistan,TM,TKM,795,Egg and/or flesh foods consumption (6-23months),2019,67.3,Female,Units,%,Reanalysed,,Middle of fieldwork,6 to 23 months old
Turkmenistan,TM,TKM,795,Egg and/or flesh foods consumption (6-23months),2015,82.4,Male,Units,%,Reanalysed,,Middle of fieldwork,6 to 23 months old
Turkmenistan,TM,TKM,795,Egg and/or flesh foods consumption (6-23months),2019,67.6,Male,Units,%,Reanalysed,,Middle of fieldwork,6 to 23 months old
Turkmenistan,TM,TKM,795,Egg and/or flesh foods consumption (6-23months),2015,83.4,Total,Units,%,Reanalysed,,Middle of fieldwork,6 to 23 months old
Turkmenistan,TM,TKM,795,Egg and/or flesh foods consumption (6-23months),2019,67.5,Total,Units,%,Reanalysed,,Middle of fieldwork,6 to 23 months old
Turks and Caicos Islands,TC,TCA,796,Egg and/or flesh foods consumption (6-23months),2020,59.1,Female,Units,%,Low reliability,,Middle of fieldwork,6 to 23 months old
Turks and Caicos Islands,TC,TCA,796,Egg and/or flesh foods consumption (6-23months),2020,83.3,Male,Units,%,Low reliability,,Middle of fieldwork,6 to 23 months old
Turks and Caicos Islands,TC,TCA,796,Egg and/or flesh foods consumption (6-23months),2020,68.3,Total,Units,%,Reanalysed,,Middle of fieldwork,6 to 23 months old
Tuvalu,TV,TUV,798,Egg and/or flesh foods consumption (6-23months),2019,78.7,Female,Units,%,Reanalysed,,Middle of fieldwork,6 to 23 months old
Tuvalu,TV,TUV,798,Egg and/or flesh foods consumption (6-23months),2019,80.9,Male,Units,%,Reanalysed,,Middle of fieldwork,6 to 23 months old
Tuvalu,TV,TUV,798,Egg and/or flesh foods consumption (6-23months),2019,79.8,Total,Units,%,Reanalysed,,Middle of fieldwork,6 to 23 months old
Uganda,UG,UGA,800,Egg and/or flesh foods consumption (6-23months),2006,28.9,Female,Units,%,Reanalysed,,Middle of fieldwork,6 to 23 months old
Uganda,UG,UGA,800,Egg and/or flesh foods consumption (6-23months),2011,34.9,Female,Units,%,Reanalysed,,Middle of fieldwork,6 to 23 months old
Uganda,UG,UGA,800,Egg and/or flesh foods consumption (6-23months),2016,40.0,Female,Units,%,Reanalysed,,Middle of fieldwork,6 to 23 months old
Uganda,UG,UGA,800,Egg and/or flesh foods consumption (6-23months),2006,30.9,Male,Units,%,Reanalysed,,Middle of fieldwork,6 to 23 months old
Uganda,UG,UGA,800,Egg and/or flesh foods consumption (6-23months),2011,35.9,Male,Units,%,Reanalysed,,Middle of fieldwork,6 to 23 months old
Uganda,UG,UGA,800,Egg and/or flesh foods consumption (6-23months),2016,41.3,Male,Units,%,Reanalysed,,Middle of fieldwork,6 to 23 months old
Uganda,UG,UGA,800,Egg and/or flesh foods consumption (6-23months),2006,29.9,Total,Units,%,Reanalysed,,Middle of fieldwork,6 to 23 months old
Uganda,UG,UGA,800,Egg and/or flesh foods consumption (6-23months),2011,35.4,Total,Units,%,Reanalysed,,Middle of fieldwork,6 to 23 months old
Uganda,UG,UGA,800,Egg and/or flesh foods consumption (6-23months),2016,40.6,Total,Units,%,Reanalysed,,Middle of fieldwork,6 to 23 months old
Uganda,UG,UGA,800,Egg and/or flesh foods consumption (6-23months),2020,30.4,Total,Units,%,Reanalysed,,Middle of fieldwork,6 to 23 months old
"Tanzania, United Republic of",TZ,TZA,834,Egg and/or flesh foods consumption (6-23months),2010,39.8,Female,Units,%,Reanalysed,,Middle of fieldwork,6 to 23 months old
"Tanzania, United Republic of",TZ,TZA,834,Egg and/or flesh foods consumption (6-23months),2015,35.0,Female,Units,%,Reanalysed,,Middle of fieldwork,6 to 23 months old
"Tanzania, United Republic of",TZ,TZA,834,Egg and/or flesh foods consumption (6-23months),2022,42.4,Female,Units,%,Reanalysed,,Middle of fieldwork,6 to 23 months old
"Tanzania, United Republic of",TZ,TZA,834,Egg and/or flesh foods consumption (6-23months),2010,36.9,Male,Units,%,Reanalysed,,Middle of fieldwork,6 to 23 months old
"Tanzania, United Republic of",TZ,TZA,834,Egg and/or flesh foods consumption (6-23months),2015,37.2,Male,Units,%,Reanalysed,,Middle of fieldwork,6 to 23 months old
"Tanzania, United Republic of",TZ,TZA,834,Egg and/or flesh foods consumption (6-23months),2022,45.5,Male,Units,%,Reanalysed,,Middle of fieldwork,6 to 23 months old
"Tanzania, United Republic of",TZ,TZA,834,Egg and/or flesh foods consumption (6-23months),2010,38.4,Total,Units,%,Reanalysed,,Middle of fieldwork,6 to 23 months old
"Tanzania, United Republic of",TZ,TZA,834,Egg and/or flesh foods consumption (6-23months),2015,36.1,Total,Units,%,Reanalysed,,Middle of fieldwork,6 to 23 months old
"Tanzania, United Republic of",TZ,TZA,834,Egg and/or flesh foods consumption (6-23months),2022,44.0,Total,Units,%,Reanalysed,,Middle of fieldwork,6 to 23 months old
Uruguay,UY,URY,858,Egg and/or flesh foods consumption (6-23months),2018,73.0,Female,Units,%,Reanalysed,,Middle of fieldwork,6 to 23 months old
Uruguay,UY,URY,858,Egg and/or flesh foods consumption (6-23months),2018,74.7,Male,Units,%,Reanalysed,,Middle of fieldwork,6 to 23 months old
Uruguay,UY,URY,858,Egg and/or flesh foods consumption (6-23months),2018,73.9,Total,Units,%,Reanalysed,,Middle of fieldwork,6 to 23 months old
Uzbekistan,UZ,UZB,860,Egg and/or flesh foods consumption (6-23months),2017,41.7,Female,Units,%,Reanalysed,,Middle of fieldwork,6 to 23 months old
Uzbekistan,UZ,UZB,860,Egg and/or flesh foods consumption (6-23months),2021,60.5,Female,Units,%,Reanalysed,,Middle of fieldwork,6 to 23 months old
Uzbekistan,UZ,UZB,860,Egg and/or flesh foods consumption (6-23months),2017,44.4,Male,Units,%,Reanalysed,,Middle of fieldwork,6 to 23 months old
Uzbekistan,UZ,UZB,860,Egg and/or flesh foods consumption (6-23months),2021,61.4,Male,Units,%,Reanalysed,,Middle of fieldwork,6 to 23 months old
Uzbekistan,UZ,UZB,860,Egg and/or flesh foods consumption (6-23months),2017,43.1,Total,Units,%,Reanalysed,,Middle of fieldwork,6 to 23 months old
Uzbekistan,UZ,UZB,860,Egg and/or flesh foods consumption (6-23months),2021,61.0,Total,Units,%,Reanalysed,,Middle of fieldwork,6 to 23 months old
Vanuatu,VU,VUT,548,Egg and/or flesh foods consumption (6-23months),2023,47.9,Female,Units,%,Reanalysed,,Middle of fieldwork,6 to 23 months old
Vanuatu,VU,VUT,548,Egg and/or flesh foods consumption (6-23months),2023,50.3,Male,Units,%,Reanalysed,,Middle of fieldwork,6 to 23 months old
Vanuatu,VU,VUT,548,Egg and/or flesh foods consumption (6-23months),2023,49.2,Total,Units,%,Reanalysed,,Middle of fieldwork,6 to 23 months old
Viet Nam,VN,VNM,704,Egg and/or flesh foods consumption (6-23months),2014,90.1,Female,Units,%,Reanalysed,,Middle of fieldwork,6 to 23 months old
Viet Nam,VN,VNM,704,Egg and/or flesh foods consumption (6-23months),2020,83.0,Female,Units,%,Reanalysed,,Middle of fieldwork,6 to 23 months old
Viet Nam,VN,VNM,704,Egg and/or flesh foods consumption (6-23months),2014,89.3,Male,Units,%,Reanalysed,,Middle of fieldwork,6 to 23 months old
Viet Nam,VN,VNM,704,Egg and/or flesh foods consumption (6-23months),2020,82.2,Male,Units,%,Reanalysed,,Middle of fieldwork,6 to 23 months old
Viet Nam,VN,VNM,704,Egg and/or flesh foods consumption (6-23months),2014,89.7,Total,Units,%,Reanalysed,,Middle of fieldwork,6 to 23 months old
Viet Nam,VN,VNM,704,Egg and/or flesh foods consumption (6-23months),2020,82.6,Total,Units,%,Reanalysed,,Middle of fieldwork,6 to 23 months old
Yemen,YE,YEM,887,Egg and/or flesh foods consumption (6-23months),2013,34.6,Female,Units,%,Reanalysed,,Middle of fieldwork,6 to 23 months old
Yemen,YE,YEM,887,Egg and/or flesh foods consumption (6-23months),2013,34.8,Male,Units,%,Reanalysed,,Middle of fieldwork,6 to 23 months old
Yemen,YE,YEM,887,Egg and/or flesh foods consumption (6-23months),2013,34.7,Total,Units,%,Reanalysed,,Middle of fieldwork,6 to 23 months old
Zambia,ZM,ZMB,894,Egg and/or flesh foods consumption (6-23months),2007,62.8,Female,Units,%,Reanalysed,,Middle of fieldwork,6 to 23 months old
Zambia,ZM,ZMB,894,Egg and/or flesh foods consumption (6-23months),2013,47.2,Female,Units,%,Reanalysed,,Middle of fieldwork,6 to 23 months old
Zambia,ZM,ZMB,894,Egg and/or flesh foods consumption (6-23months),2018,53.3,Female,Units,%,Reanalysed,,Middle of fieldwork,6 to 23 months old
Zambia,ZM,ZMB,894,Egg and/or flesh foods consumption (6-23months),2007,62.2,Male,Units,%,Reanalysed,,Middle of fieldwork,6 to 23 months old
Zambia,ZM,ZMB,894,Egg and/or flesh foods consumption (6-23months),2013,50.8,Male,Units,%,Reanalysed,,Middle of fieldwork,6 to 23 months old
Zambia,ZM,ZMB,894,Egg and/or flesh foods consumption (6-23months),2018,54.1,Male,Units,%,Reanalysed,,Middle of fieldwork,6 to 23 months old
Zambia,ZM,ZMB,894,Egg and/or flesh foods consumption (6-23months),2007,62.5,Total,Units,%,Reanalysed,,Middle of fieldwork,6 to 23 months old
Zambia,ZM,ZMB,894,Egg and/or flesh foods consumption (6-23months),2013,49.0,Total,Units,%,Reanalysed,,Middle of fieldwork,6 to 23 months old
Zambia,ZM,ZMB,894,Egg and/or flesh foods consumption (6-23months),2018,53.7,Total,Units,%,Reanalysed,,Middle of fieldwork,6 to 23 months old
Zimbabwe,ZW,ZWE,716,Egg and/or flesh foods consumption (6-23months),2005,38.4,Female,Units,%,Reanalysed,,Middle of fieldwork,6 to 23 months old
Zimbabwe,ZW,ZWE,716,Egg and/or flesh foods consumption (6-23months),2010,39.5,Female,Units,%,Reanalysed,,Middle of fieldwork,6 to 23 months old
Zimbabwe,ZW,ZWE,716,Egg and/or flesh foods consumption (6-23months),2014,40.8,Female,Units,%,Reanalysed,,Middle of fieldwork,6 to 23 months old
Zimbabwe,ZW,ZWE,716,Egg and/or flesh foods consumption (6-23months),2015,46.2,Female,Units,%,Reanalysed,,Middle of fieldwork,6 to 23 months old
Zimbabwe,ZW,ZWE,716,Egg and/or flesh foods consumption (6-23months),2019,39.3,Female,Units,%,Reanalysed,,Middle of fieldwork,6 to 23 months old
Zimbabwe,ZW,ZWE,716,Egg and/or flesh foods consumption (6-23months),2005,37.4,Male,Units,%,Reanalysed,,Middle of fieldwork,6 to 23 months old
Zimbabwe,ZW,ZWE,716,Egg and/or flesh foods consumption (6-23months),2010,38.0,Male,Units,%,Reanalysed,,Middle of fieldwork,6 to 23 months old
Zimbabwe,ZW,ZWE,716,Egg and/or flesh foods consumption (6-23months),2014,41.4,Male,Units,%,Reanalysed,,Middle of fieldwork,6 to 23 months old
Zimbabwe,ZW,ZWE,716,Egg and/or flesh foods consumption (6-23months),2015,50.5,Male,Units,%,Reanalysed,,Middle of fieldwork,6 to 23 months old
Zimbabwe,ZW,ZWE,716,Egg and/or flesh foods consumption (6-23months),2019,39.7,Male,Units,%,Reanalysed,,Middle of fieldwork,6 to 23 months old
Zimbabwe,ZW,ZWE,716,Egg and/or flesh foods consumption (6-23months),2005,37.8,Total,Units,%,Reanalysed,,Middle of fieldwork,6 to 23 months old
Zimbabwe,ZW,ZWE,716,Egg and/or flesh foods consumption (6-23months),2010,38.8,Total,Units,%,Reanalysed,,Middle of fieldwork,6 to 23 months old
Zimbabwe,ZW,ZWE,716,Egg and/or flesh foods consumption (6-23months),2014,41.1,Total,Units,%,Reanalysed,,Middle of fieldwork,6 to 23 months old
Zimbabwe,ZW,ZWE,716,Egg and/or flesh foods consumption (6-23months),2015,48.3,Total,Units,%,Reanalysed,,Middle of fieldwork,6 to 23 months old
Zimbabwe,ZW,ZWE,716,Egg and/or flesh foods consumption (6-23months),2019,39.5,Total,Units,%,Reanalysed,,Middle of fieldwork,6 to 23 months old
